formula_id,name_zh,name_zh_declared,name_source,name_en,domain,section,domain_tags,var_refs,dimension_vec,dimension_ok,derive_from,boundary,confidence,scope,used_by_rule,used_by_test,used_by_axon,errata,source_ref,source_kind,expr_latex,expr_plaintext,expr_ascii,expr_ast
F_J.2.1_BUCK,Buck 变换比,Buck 变换比,declared,,J,J.2.1 Buck（降压）,变换器拓扑,V_out|D|V_in,2.0000 1.0000 -3.0000 -1.0000 0.0000 0.0000 0.0000,true,A-2|A-4|T3,,0.95,global,R1|R5|R6,G.2|G.7,,E-1,V6.0§J.2.1 Buck（降压）,section,V_{out} = D \cdot V_{in},电压等于占空比乘以电压,V_out = D*V_in,"{""op"": ""Equation"", ""relation"": ""="", ""lhs"": {""op"": ""Name"", ""id"": ""V_out""}, ""rhs"": {""op"": ""BinOp"", ""operator"": ""Mult"", ""left"": {""op"": ""Name"", ""id"": ""D""}, ""right"": {""op"": ""Name"", ""id"": ""V_in""}}}"
F_J.2.2_BOOST,Boost 变换比,Boost 变换比,declared,,J,J.2.2 Boost（升压）,变换器拓扑,V_out|V_in|D,2.0000 1.0000 -3.0000 -1.0000 0.0000 0.0000 0.0000,true,A-2|A-4|T3,,0.95,global,,,,,V6.0§J.2.2 Boost（升压）,section,V_{out} = \frac{V_{in}}{1 - D},电压等于电压除以(1减占空比),V_out = V_in/(1-D),"{""op"": ""Equation"", ""relation"": ""="", ""lhs"": {""op"": ""Name"", ""id"": ""V_out""}, ""rhs"": {""op"": ""BinOp"", ""operator"": ""Div"", ""left"": {""op"": ""Name"", ""id"": ""V_in""}, ""right"": {""op"": ""BinOp"", ""operator"": ""Sub"", ""left"": {""op"": ""Constant"", ""value"": 1}, ""right"": {""op"": ""Name"", ""id"": ""D""}}}}"
F_J.2.3_BUCKBOOST,Buck-Boost 变换比,Buck-Boost 变换比,declared,,J,J.2.3 Buck-Boost（升降压，输出反相）,变换器拓扑,V_out|V_in|D,2.0000 1.0000 -3.0000 -1.0000 0.0000 0.0000 0.0000,true,A-2|A-4|T3,,0.95,global,,,,,V6.0§J.2.3 Buck-Boost（升降压，输出反相）,section,V_{out} = \frac{-V_{in} \cdot D}{1 - D},电压等于(负电压乘以占空比)除以(1减占空比),V_out = -V_in*D/(1-D),"{""op"": ""Equation"", ""relation"": ""="", ""lhs"": {""op"": ""Name"", ""id"": ""V_out""}, ""rhs"": {""op"": ""BinOp"", ""operator"": ""Div"", ""left"": {""op"": ""BinOp"", ""operator"": ""Mult"", ""left"": {""op"": ""UnaryOp"", ""operator"": ""USub"", ""operand"": {""op"": ""Name"", ""id"": ""V_in""}}, ""right"": {""op"": ""Name"", ""id"": ""D""}}, ""right"": {""op"": ""BinOp"", ""operator"": ""Sub"", ""left"": {""op"": ""Constant"", ""value"": 1}, ""right"": {""op"": ""Name"", ""id"": ""D""}}}}"
F_J.2.4_CUK,Cuk/Zeta/SEPIC,Cuk/Zeta/SEPIC,declared,,J,J.2.4 Cuk / Zeta / SEPIC（升降压，同极性可选）,变换器拓扑,V_out|V_in|D,2.0000 1.0000 -3.0000 -1.0000 0.0000 0.0000 0.0000,true,A-2|A-4|T3,,0.95,global,,,,,V6.0§J.2.4 Cuk / Zeta / SEPIC（升降压，同极性可选）,section,V_{out} = \frac{-V_{in} \cdot D}{1 - D},电压等于(负电压乘以占空比)除以(1减占空比),V_out = -V_in*D/(1-D),"{""op"": ""Equation"", ""relation"": ""="", ""lhs"": {""op"": ""Name"", ""id"": ""V_out""}, ""rhs"": {""op"": ""BinOp"", ""operator"": ""Div"", ""left"": {""op"": ""BinOp"", ""operator"": ""Mult"", ""left"": {""op"": ""UnaryOp"", ""operator"": ""USub"", ""operand"": {""op"": ""Name"", ""id"": ""V_in""}}, ""right"": {""op"": ""Name"", ""id"": ""D""}}, ""right"": {""op"": ""BinOp"", ""operator"": ""Sub"", ""left"": {""op"": ""Constant"", ""value"": 1}, ""right"": {""op"": ""Name"", ""id"": ""D""}}}}"
F_J.2.5_ZETA_SEPIC,Cuk/Zeta/SEPIC,Cuk/Zeta/SEPIC,declared,,J,J.2.4 Cuk / Zeta / SEPIC（升降压，同极性可选）,变换器拓扑,V_out|V_in|D,2.0000 1.0000 -3.0000 -1.0000 0.0000 0.0000 0.0000,true,A-2|A-4|T3,,0.95,global,,,,,V6.0§J.2.4 Cuk / Zeta / SEPIC（升降压，同极性可选）,section,V_{out} = \frac{V_{in} \cdot D}{1 - D},电压等于(电压乘以占空比)除以(1减占空比),V_out = V_in*D/(1-D),"{""op"": ""Equation"", ""relation"": ""="", ""lhs"": {""op"": ""Name"", ""id"": ""V_out""}, ""rhs"": {""op"": ""BinOp"", ""operator"": ""Div"", ""left"": {""op"": ""BinOp"", ""operator"": ""Mult"", ""left"": {""op"": ""Name"", ""id"": ""V_in""}, ""right"": {""op"": ""Name"", ""id"": ""D""}}, ""right"": {""op"": ""BinOp"", ""operator"": ""Sub"", ""left"": {""op"": ""Constant"", ""value"": 1}, ""right"": {""op"": ""Name"", ""id"": ""D""}}}}"
F_J.3_INDUCTOR_RIPPLE,电感电流纹波,电感电流纹波,declared,,J,J.3.1 纹波公式推导,变换器拓扑,ΔI_L|V_on|D|L|f_sw,0.0000 0.0000 0.0000 1.0000 0.0000 0.0000 0.0000,true,A-4|T3,,0.95,global,R2|R8,G.3,,E-2,V6.0§J.3.1 纹波公式推导,section,\Delta I_{L} = \frac{V_{on} \cdot D}{L \cdot f_{sw}},ΔI_L等于(V_on乘以占空比)除以(L乘以开关频率),ΔI_L = (V_on*D)/(L*f_sw),"{""op"": ""Equation"", ""relation"": ""="", ""lhs"": {""op"": ""Name"", ""id"": ""ΔI_L""}, ""rhs"": {""op"": ""BinOp"", ""operator"": ""Div"", ""left"": {""op"": ""BinOp"", ""operator"": ""Mult"", ""left"": {""op"": ""Name"", ""id"": ""V_on""}, ""right"": {""op"": ""Name"", ""id"": ""D""}}, ""right"": {""op"": ""BinOp"", ""operator"": ""Mult"", ""left"": {""op"": ""Name"", ""id"": ""L""}, ""right"": {""op"": ""Name"", ""id"": ""f_sw""}}}}"
F_J.3.2_BUCK_RIPPLE,各拓扑纹波,各拓扑纹波,declared,,J,J.3.1 纹波公式推导,变换器拓扑,ΔI_L|V_in|D|L|f_sw,0.0000 0.0000 0.0000 1.0000 0.0000 0.0000 0.0000,true,A-4|T3,,0.95,global,,,,,V6.0§J.3.1 纹波公式推导,section,\Delta I_{L} = \frac{V_{in} \cdot (1 - D) \cdot D}{L \cdot f_{sw}},ΔI_L等于((电压乘以(1减占空比))乘以占空比)除以(L乘以开关频率),ΔI_L = V_in*(1-D)*D/(L*f_sw),"{""op"": ""Equation"", ""relation"": ""="", ""lhs"": {""op"": ""Name"", ""id"": ""ΔI_L""}, ""rhs"": {""op"": ""BinOp"", ""operator"": ""Div"", ""left"": {""op"": ""BinOp"", ""operator"": ""Mult"", ""left"": {""op"": ""BinOp"", ""operator"": ""Mult"", ""left"": {""op"": ""Name"", ""id"": ""V_in""}, ""right"": {""op"": ""BinOp"", ""operator"": ""Sub"", ""left"": {""op"": ""Constant"", ""value"": 1}, ""right"": {""op"": ""Name"", ""id"": ""D""}}}, ""right"": {""op"": ""Name"", ""id"": ""D""}}, ""right"": {""op"": ""BinOp"", ""operator"": ""Mult"", ""left"": {""op"": ""Name"", ""id"": ""L""}, ""right"": {""op"": ""Name"", ""id"": ""f_sw""}}}}"
F_J.3.3_BOOST_RIPPLE,各拓扑纹波,各拓扑纹波,declared,,J,J.3.1 纹波公式推导,变换器拓扑,ΔI_L|V_in|D|L|f_sw,0.0000 0.0000 0.0000 1.0000 0.0000 0.0000 0.0000,true,A-4|T3,,0.95,global,,,,,V6.0§J.3.1 纹波公式推导,section,\Delta I_{L} = \frac{V_{in} \cdot D}{L \cdot f_{sw}},ΔI_L等于(电压乘以占空比)除以(L乘以开关频率),ΔI_L = V_in*D/(L*f_sw),"{""op"": ""Equation"", ""relation"": ""="", ""lhs"": {""op"": ""Name"", ""id"": ""ΔI_L""}, ""rhs"": {""op"": ""BinOp"", ""operator"": ""Div"", ""left"": {""op"": ""BinOp"", ""operator"": ""Mult"", ""left"": {""op"": ""Name"", ""id"": ""V_in""}, ""right"": {""op"": ""Name"", ""id"": ""D""}}, ""right"": {""op"": ""BinOp"", ""operator"": ""Mult"", ""left"": {""op"": ""Name"", ""id"": ""L""}, ""right"": {""op"": ""Name"", ""id"": ""f_sw""}}}}"
F_J.4.2_ESR_ZERO_FREQ,ESR 零点,ESR 零点,declared,,J,J.4.5 总纹波（峰峰值，保守线性叠加）,变换器拓扑,ω_z_esr|ESR|C_out,0.0000 0.0000 -1.0000 0.0000 0.0000 0.0000 0.0000,true,A-5,,0.95,global,,,,,V6.0§J.4.5 总纹波（峰峰值，保守线性叠加）,section,\omega_{z_esr} = \frac{1}{ESR \cdot C_{out}},ω_z_esr等于1除以(ESR乘以电容),ω_z_esr = 1/(ESR*C_out),"{""op"": ""Equation"", ""relation"": ""="", ""lhs"": {""op"": ""Name"", ""id"": ""ω_z_esr""}, ""rhs"": {""op"": ""BinOp"", ""operator"": ""Div"", ""left"": {""op"": ""Constant"", ""value"": 1}, ""right"": {""op"": ""BinOp"", ""operator"": ""Mult"", ""left"": {""op"": ""Name"", ""id"": ""ESR""}, ""right"": {""op"": ""Name"", ""id"": ""C_out""}}}}"
F_J.5_RIPPLE_RMS_TRI,纹波 RMS 换算,纹波 RMS 换算,declared,,J,J.4.6 纹波 RMS 换算（必须按波形）,变换器拓扑,V_rms|V_pp,2.0000 1.0000 -3.0000 -1.0000 0.0000 0.0000 0.0000,true,A-10|T12,,0.95,global,R8,G.3|G.5,,,V6.0§J.4.6 纹波 RMS 换算（必须按波形）,section,V_{rms} = \frac{V_{pp}}{2 \cdot \sqrt{3}},V_rms等于V_pp除以(2乘以3 的平方根),V_rms = V_pp/(2*sqrt(3)),"{""op"": ""Equation"", ""relation"": ""="", ""lhs"": {""op"": ""Name"", ""id"": ""V_rms""}, ""rhs"": {""op"": ""BinOp"", ""operator"": ""Div"", ""left"": {""op"": ""Name"", ""id"": ""V_pp""}, ""right"": {""op"": ""BinOp"", ""operator"": ""Mult"", ""left"": {""op"": ""Constant"", ""value"": 2}, ""right"": {""op"": ""Call"", ""func"": {""op"": ""Name"", ""id"": ""sqrt""}, ""args"": [{""op"": ""Constant"", ""value"": 3}]}}}}"
F_J.5.2_RIPPLE_RMS_SQ,RIPPLE_RMS_SQ,,id-short-name,,J,J.4.6 纹波 RMS 换算（必须按波形）,变换器拓扑,V_rms|V_pp,2.0000 1.0000 -3.0000 -1.0000 0.0000 0.0000 0.0000,true,A-10|T12,,0.95,global,,,,,V6.0§J.4.6 纹波 RMS 换算（必须按波形）,section,V_{rms} = \frac{V_{pp}}{2},V_rms等于V_pp除以2,V_rms = V_pp/2,"{""op"": ""Equation"", ""relation"": ""="", ""lhs"": {""op"": ""Name"", ""id"": ""V_rms""}, ""rhs"": {""op"": ""BinOp"", ""operator"": ""Div"", ""left"": {""op"": ""Name"", ""id"": ""V_pp""}, ""right"": {""op"": ""Constant"", ""value"": 2}}}"
F_J.5.3_RIPPLE_RMS_SIN,RIPPLE_RMS_SIN,,id-short-name,,J,J.4.6 纹波 RMS 换算（必须按波形）,变换器拓扑,V_rms|V_pp,2.0000 1.0000 -3.0000 -1.0000 0.0000 0.0000 0.0000,true,A-10|T12,,0.95,global,,,,,V6.0§J.4.6 纹波 RMS 换算（必须按波形）,section,V_{rms} = \frac{V_{pp}}{2 \cdot \sqrt{2}},V_rms等于V_pp除以(2乘以2 的平方根),V_rms = V_pp/(2*sqrt(2)),"{""op"": ""Equation"", ""relation"": ""="", ""lhs"": {""op"": ""Name"", ""id"": ""V_rms""}, ""rhs"": {""op"": ""BinOp"", ""operator"": ""Div"", ""left"": {""op"": ""Name"", ""id"": ""V_pp""}, ""right"": {""op"": ""BinOp"", ""operator"": ""Mult"", ""left"": {""op"": ""Constant"", ""value"": 2}, ""right"": {""op"": ""Call"", ""func"": {""op"": ""Name"", ""id"": ""sqrt""}, ""args"": [{""op"": ""Constant"", ""value"": 2}]}}}}"
F_J.5.1_REFLECTED_VOLTAGE,反射电压,反射电压,declared,,J,J.5.1 反激变换器（Flyback）,变换器拓扑,V_or|n|V_out|V_f,2.0000 1.0000 -3.0000 -1.0000 0.0000 0.0000 0.0000,true,T3,,0.95,global,,,,,V6.0§J.5.1 反激变换器（Flyback）,section,V_{or} = n \cdot (V_{out} + V_{f}),V_or等于n乘以(电压加V_f),V_or = n*(V_out+V_f),"{""op"": ""Equation"", ""relation"": ""="", ""lhs"": {""op"": ""Name"", ""id"": ""V_or""}, ""rhs"": {""op"": ""BinOp"", ""operator"": ""Mult"", ""left"": {""op"": ""Name"", ""id"": ""n""}, ""right"": {""op"": ""BinOp"", ""operator"": ""Add"", ""left"": {""op"": ""Name"", ""id"": ""V_out""}, ""right"": {""op"": ""Name"", ""id"": ""V_f""}}}}"
F_J.5.2_MOSFET_DVSTRESS,开关管电压应力,开关管电压应力,declared,,J,J.5.1 反激变换器（Flyback）,变换器拓扑,V_ds_max|V_in_max|V_or|ΔV_spike,2.0000 1.0000 -3.0000 -1.0000 0.0000 0.0000 0.0000,true,T3,,0.95,global,,,,,V6.0§J.5.1 反激变换器（Flyback）,section,V_{ds_max} = V_{in_max} + V_{or} + \Delta V_{spike},V_ds_max等于(V_in_max加V_or)加ΔV_spike,V_ds_max = V_in_max+V_or+ΔV_spike,"{""op"": ""Equation"", ""relation"": ""="", ""lhs"": {""op"": ""Name"", ""id"": ""V_ds_max""}, ""rhs"": {""op"": ""BinOp"", ""operator"": ""Add"", ""left"": {""op"": ""BinOp"", ""operator"": ""Add"", ""left"": {""op"": ""Name"", ""id"": ""V_in_max""}, ""right"": {""op"": ""Name"", ""id"": ""V_or""}}, ""right"": {""op"": ""Name"", ""id"": ""ΔV_spike""}}}"
F_J.5.3_LEAKAGE_ENERGY,漏感储能,漏感储能,declared,,J,J.5.1 反激变换器（Flyback）,变换器拓扑,E_Lk|L_lk|I_pk,2.0000 1.0000 -2.0000 0.0000 0.0000 0.0000 0.0000,true,A-3,,0.95,global,,,,,V6.0§J.5.1 反激变换器（Flyback）,section,E_{Lk} = 0.5 \cdot L_{lk} \cdot I_{pk}^{2},开关能量/漏感储能等于(0.5乘以L_lk)乘以电流 的 2 次方,E_Lk = 0.5*L_lk*I_pk**2,"{""op"": ""Equation"", ""relation"": ""="", ""lhs"": {""op"": ""Name"", ""id"": ""E_Lk""}, ""rhs"": {""op"": ""BinOp"", ""operator"": ""Mult"", ""left"": {""op"": ""BinOp"", ""operator"": ""Mult"", ""left"": {""op"": ""Constant"", ""value"": 0.5}, ""right"": {""op"": ""Name"", ""id"": ""L_lk""}}, ""right"": {""op"": ""BinOp"", ""operator"": ""Pow"", ""left"": {""op"": ""Name"", ""id"": ""I_pk""}, ""right"": {""op"": ""Constant"", ""value"": 2}}}}"
F_J.5.5_FORWARD,隔离拓扑变换比,隔离拓扑变换比,declared,,J,J.5.2 正激变换器（Forward）,变换器拓扑,V_out|D|V_in|n,2.0000 1.0000 -3.0000 -1.0000 0.0000 0.0000 0.0000,true,T3,,0.95,global,,,,,V6.0§J.5.2 正激变换器（Forward）,section,V_{out} = \frac{D \cdot V_{in}}{n},电压等于(占空比乘以电压)除以n,V_out = D*V_in/n,"{""op"": ""Equation"", ""relation"": ""="", ""lhs"": {""op"": ""Name"", ""id"": ""V_out""}, ""rhs"": {""op"": ""BinOp"", ""operator"": ""Div"", ""left"": {""op"": ""BinOp"", ""operator"": ""Mult"", ""left"": {""op"": ""Name"", ""id"": ""D""}, ""right"": {""op"": ""Name"", ""id"": ""V_in""}}, ""right"": {""op"": ""Name"", ""id"": ""n""}}}"
F_J.5.6_HALF_FULL_BRIDGE,隔离拓扑变换比,隔离拓扑变换比,declared,,J,J.5.3 半桥 / 全桥 / 推挽,变换器拓扑,V_out|D|V_in,2.0000 1.0000 -3.0000 -1.0000 0.0000 0.0000 0.0000,true,T3,,0.95,global,,,,,V6.0§J.5.3 半桥 / 全桥 / 推挽,section,V_{out} = D \cdot V_{in},电压等于占空比乘以电压,V_out = D*V_in,"{""op"": ""Equation"", ""relation"": ""="", ""lhs"": {""op"": ""Name"", ""id"": ""V_out""}, ""rhs"": {""op"": ""BinOp"", ""operator"": ""Mult"", ""left"": {""op"": ""Name"", ""id"": ""D""}, ""right"": {""op"": ""Name"", ""id"": ""V_in""}}}"
F_J.5.7_PUSH_PULL,隔离拓扑变换比,隔离拓扑变换比,declared,,J,J.5.3 半桥 / 全桥 / 推挽,变换器拓扑,V_out|D|V_in|n,2.0000 1.0000 -3.0000 -1.0000 0.0000 0.0000 0.0000,true,T3,,0.95,global,,,,,V6.0§J.5.3 半桥 / 全桥 / 推挽,section,V_{out} = \frac{D \cdot V_{in}}{n},电压等于(占空比乘以电压)除以n,V_out = D*V_in/n,"{""op"": ""Equation"", ""relation"": ""="", ""lhs"": {""op"": ""Name"", ""id"": ""V_out""}, ""rhs"": {""op"": ""BinOp"", ""operator"": ""Div"", ""left"": {""op"": ""BinOp"", ""operator"": ""Mult"", ""left"": {""op"": ""Name"", ""id"": ""D""}, ""right"": {""op"": ""Name"", ""id"": ""V_in""}}, ""right"": {""op"": ""Name"", ""id"": ""n""}}}"
F_J.6.4_PFM_BURST,突发模式损耗,突发模式损耗,declared,,J,J.6.3 轻载效率（禁止使用纹波近似）,变换器拓扑,P_sw_total|N_burst|E_on|E_off|f_burst,2.0000 1.0000 -3.0000 0.0000 0.0000 0.0000 0.0000,true,A-3,,0.95,global,,,,,V6.0§J.6.3 轻载效率（禁止使用纹波近似）,section,P_{sw_total} = N_{burst} \cdot (E_{on} + E_{off}) \cdot f_{burst},P_sw_total等于(N_burst乘以(开关能量/漏感储能加开关能量/漏感储能))乘以f_burst,P_sw_total = N_burst*(E_on+E_off)*f_burst,"{""op"": ""Equation"", ""relation"": ""="", ""lhs"": {""op"": ""Name"", ""id"": ""P_sw_total""}, ""rhs"": {""op"": ""BinOp"", ""operator"": ""Mult"", ""left"": {""op"": ""BinOp"", ""operator"": ""Mult"", ""left"": {""op"": ""Name"", ""id"": ""N_burst""}, ""right"": {""op"": ""BinOp"", ""operator"": ""Add"", ""left"": {""op"": ""Name"", ""id"": ""E_on""}, ""right"": {""op"": ""Name"", ""id"": ""E_off""}}}, ""right"": {""op"": ""Name"", ""id"": ""f_burst""}}}"
F_J.7.1_RESONANT_FREQ,谐振频率,谐振频率,declared,,J,J.7.3 ZVS 条件与死区,变换器拓扑,f_r|L_r|C_r,0.0000 0.0000 -1.0000 0.0000 0.0000 0.0000 0.0000,true,A-5,,0.95,global,,,,,V6.0§J.7.3 ZVS 条件与死区,section,f_{r} = \frac{1}{2 \cdot 3.141592653589793 \cdot \sqrt{L_{r} \cdot C_{r}}},谐振频率等于1除以((2乘以3.141592653589793)乘以L_r乘以C_r 的平方根),f_r = 1/(2*3.141592653589793*sqrt(L_r*C_r)),"{""op"": ""Equation"", ""relation"": ""="", ""lhs"": {""op"": ""Name"", ""id"": ""f_r""}, ""rhs"": {""op"": ""BinOp"", ""operator"": ""Div"", ""left"": {""op"": ""Constant"", ""value"": 1}, ""right"": {""op"": ""BinOp"", ""operator"": ""Mult"", ""left"": {""op"": ""BinOp"", ""operator"": ""Mult"", ""left"": {""op"": ""Constant"", ""value"": 2}, ""right"": {""op"": ""Constant"", ""value"": 3.141592653589793}}, ""right"": {""op"": ""Call"", ""func"": {""op"": ""Name"", ""id"": ""sqrt""}, ""args"": [{""op"": ""BinOp"", ""operator"": ""Mult"", ""left"": {""op"": ""Name"", ""id"": ""L_r""}, ""right"": {""op"": ""Name"", ""id"": ""C_r""}}]}}}}"
F_J.7.2_DEADTIME_MIN,最小死区,最小死区,declared,,J,J.7.3 ZVS 条件与死区,变换器拓扑,t_dead_min|C_oss|V_in|I_comm,0.0000 0.0000 1.0000 0.0000 0.0000 0.0000 0.0000,true,A-5|A-15,,0.95,global,,,,,V6.0§J.7.3 ZVS 条件与死区,section,t_{dead_min} = \frac{C_{oss} \cdot V_{in}}{I_{comm}},t_dead_min等于(C_oss乘以电压)除以I_comm,t_dead_min = C_oss*V_in/I_comm,"{""op"": ""Equation"", ""relation"": ""="", ""lhs"": {""op"": ""Name"", ""id"": ""t_dead_min""}, ""rhs"": {""op"": ""BinOp"", ""operator"": ""Div"", ""left"": {""op"": ""BinOp"", ""operator"": ""Mult"", ""left"": {""op"": ""Name"", ""id"": ""C_oss""}, ""right"": {""op"": ""Name"", ""id"": ""V_in""}}, ""right"": {""op"": ""Name"", ""id"": ""I_comm""}}}"
F_J.7.3_LLC_FREQ,谐振频率,谐振频率,declared,,J,J.7.3 ZVS 条件与死区,变换器拓扑,f_sr|L_r|C_r,0.0000 0.0000 -1.0000 0.0000 0.0000 0.0000 0.0000,true,A-5,,0.95,global,,,,,V6.0§J.7.3 ZVS 条件与死区,section,f_{sr} = \frac{1}{2 \cdot 3.141592653589793 \cdot \sqrt{L_{r} \cdot C_{r}}},f_sr等于1除以((2乘以3.141592653589793)乘以L_r乘以C_r 的平方根),f_sr = 1/(2*3.141592653589793*sqrt(L_r*C_r)),"{""op"": ""Equation"", ""relation"": ""="", ""lhs"": {""op"": ""Name"", ""id"": ""f_sr""}, ""rhs"": {""op"": ""BinOp"", ""operator"": ""Div"", ""left"": {""op"": ""Constant"", ""value"": 1}, ""right"": {""op"": ""BinOp"", ""operator"": ""Mult"", ""left"": {""op"": ""BinOp"", ""operator"": ""Mult"", ""left"": {""op"": ""Constant"", ""value"": 2}, ""right"": {""op"": ""Constant"", ""value"": 3.141592653589793}}, ""right"": {""op"": ""Call"", ""func"": {""op"": ""Name"", ""id"": ""sqrt""}, ""args"": [{""op"": ""BinOp"", ""operator"": ""Mult"", ""left"": {""op"": ""Name"", ""id"": ""L_r""}, ""right"": {""op"": ""Name"", ""id"": ""C_r""}}]}}}}"
F_J.8.2_RC_SNUBBER_LOSS,直通/吸收/尖峰,直通/吸收/尖峰,declared,,J,J.8.3 吸收策略选择,变换器拓扑,P|C|ΔV|f_sw,2.0000 1.0000 -3.0000 0.0000 0.0000 0.0000 0.0000,true,A-2,,0.95,global,,,,,V6.0§J.8.3 吸收策略选择,section,P = C \cdot \Delta V^{2} \cdot f_{sw},P等于(C乘以ΔV 的 2 次方)乘以开关频率,P = C*ΔV**2*f_sw,"{""op"": ""Equation"", ""relation"": ""="", ""lhs"": {""op"": ""Name"", ""id"": ""P""}, ""rhs"": {""op"": ""BinOp"", ""operator"": ""Mult"", ""left"": {""op"": ""BinOp"", ""operator"": ""Mult"", ""left"": {""op"": ""Name"", ""id"": ""C""}, ""right"": {""op"": ""BinOp"", ""operator"": ""Pow"", ""left"": {""op"": ""Name"", ""id"": ""ΔV""}, ""right"": {""op"": ""Constant"", ""value"": 2}}}, ""right"": {""op"": ""Name"", ""id"": ""f_sw""}}}"
F_J.9.1_COND_LOSS,损耗与效率（8 条）,损耗与效率（8 条）,declared,,J,J.9.2 各项公式,变换器拓扑,P_cond|I_rms|R_ds_on|D,2.0000 1.0000 -3.0000 0.0000 0.0000 0.0000 0.0000,true,A-3|A-10,,0.95,global,,,,,V6.0§J.9.2 各项公式,section,P_{cond} = I_{rms}^{2} \cdot R_{ds_on} \cdot D,P_cond等于(电流 的 2 次方乘以R_ds_on)乘以占空比,P_cond = I_rms**2*R_ds_on*D,"{""op"": ""Equation"", ""relation"": ""="", ""lhs"": {""op"": ""Name"", ""id"": ""P_cond""}, ""rhs"": {""op"": ""BinOp"", ""operator"": ""Mult"", ""left"": {""op"": ""BinOp"", ""operator"": ""Mult"", ""left"": {""op"": ""BinOp"", ""operator"": ""Pow"", ""left"": {""op"": ""Name"", ""id"": ""I_rms""}, ""right"": {""op"": ""Constant"", ""value"": 2}}, ""right"": {""op"": ""Name"", ""id"": ""R_ds_on""}}, ""right"": {""op"": ""Name"", ""id"": ""D""}}}"
F_J.9.2_SWITCHING_LOSS,开关损耗,,standard:GB/T 3859.1-2013,,J,J.9.2 各项公式,变换器拓扑,P_sw|E_on|E_off|f_sw,2.0000 1.0000 -3.0000 0.0000 0.0000 0.0000 0.0000,true,A-3,,0.95,global,,,,,V6.0§J.9.2 各项公式,section,P_{sw} = 0.5 \cdot (E_{on} + E_{off}) \cdot f_{sw},P_sw等于(0.5乘以(开关能量/漏感储能加开关能量/漏感储能))乘以开关频率,P_sw = 0.5*(E_on+E_off)*f_sw,"{""op"": ""Equation"", ""relation"": ""="", ""lhs"": {""op"": ""Name"", ""id"": ""P_sw""}, ""rhs"": {""op"": ""BinOp"", ""operator"": ""Mult"", ""left"": {""op"": ""BinOp"", ""operator"": ""Mult"", ""left"": {""op"": ""Constant"", ""value"": 0.5}, ""right"": {""op"": ""BinOp"", ""operator"": ""Add"", ""left"": {""op"": ""Name"", ""id"": ""E_on""}, ""right"": {""op"": ""Name"", ""id"": ""E_off""}}}, ""right"": {""op"": ""Name"", ""id"": ""f_sw""}}}"
F_J.9.3_GATE_DRIVE_LOSS,GATE_DRIVE_LOSS,,id-short-name,,J,J.9.2 各项公式,变换器拓扑,P_gate|C_gate|V_gate|f_sw,2.0000 1.0000 -3.0000 0.0000 0.0000 0.0000 0.0000,true,A-3,,0.95,global,,,,,V6.0§J.9.2 各项公式,section,P_{gate} = C_{gate} \cdot V_{gate}^{2} \cdot f_{sw},P_gate等于(栅极电荷/栅电容乘以V_gate 的 2 次方)乘以开关频率,P_gate = C_gate*V_gate**2*f_sw,"{""op"": ""Equation"", ""relation"": ""="", ""lhs"": {""op"": ""Name"", ""id"": ""P_gate""}, ""rhs"": {""op"": ""BinOp"", ""operator"": ""Mult"", ""left"": {""op"": ""BinOp"", ""operator"": ""Mult"", ""left"": {""op"": ""Name"", ""id"": ""C_gate""}, ""right"": {""op"": ""BinOp"", ""operator"": ""Pow"", ""left"": {""op"": ""Name"", ""id"": ""V_gate""}, ""right"": {""op"": ""Constant"", ""value"": 2}}}, ""right"": {""op"": ""Name"", ""id"": ""f_sw""}}}"
F_J.9.7_EFFICIENCY,效率,,standard:GB/T 3859.1-2013,,J,J.9.3 效率与可达性,变换器拓扑,η|P_out|P_loss,0.0000 0.0000 0.0000 0.0000 0.0000 0.0000 0.0000,true,实验定律(待复核),,0.95,global,,,,,V6.0§J.9.3 效率与可达性,section,\eta = \frac{P_{out}}{P_{out} + P_{loss}},η等于功率除以(功率加功率),η = P_out/(P_out+P_loss),"{""op"": ""Equation"", ""relation"": ""="", ""lhs"": {""op"": ""Name"", ""id"": ""η""}, ""rhs"": {""op"": ""BinOp"", ""operator"": ""Div"", ""left"": {""op"": ""Name"", ""id"": ""P_out""}, ""right"": {""op"": ""BinOp"", ""operator"": ""Add"", ""left"": {""op"": ""Name"", ""id"": ""P_out""}, ""right"": {""op"": ""Name"", ""id"": ""P_loss""}}}}"
F_J.9.8_LOSS_BUDGET,损耗与效率（8 条）,损耗与效率（8 条）,declared,,J,J.9.3 效率与可达性,变换器拓扑,P_loss_max|P_out|η_target,2.0000 1.0000 -3.0000 0.0000 0.0000 0.0000 0.0000,true,A-3|A-10|T12,,0.95,global,,,,,V6.0§J.9.3 效率与可达性,section,P_{loss_max} = \frac{P_{out} \cdot (1 - \eta_{target})}{\eta_{target}},P_loss_max等于(功率乘以(1减η_target))除以η_target,P_loss_max = P_out*(1-η_target)/η_target,"{""op"": ""Equation"", ""relation"": ""="", ""lhs"": {""op"": ""Name"", ""id"": ""P_loss_max""}, ""rhs"": {""op"": ""BinOp"", ""operator"": ""Div"", ""left"": {""op"": ""BinOp"", ""operator"": ""Mult"", ""left"": {""op"": ""Name"", ""id"": ""P_out""}, ""right"": {""op"": ""BinOp"", ""operator"": ""Sub"", ""left"": {""op"": ""Constant"", ""value"": 1}, ""right"": {""op"": ""Name"", ""id"": ""η_target""}}}, ""right"": {""op"": ""Name"", ""id"": ""η_target""}}}"
F_J.11.1_INPUT_CURRENT,输入电流/浪涌（4 条）,输入电流/浪涌（4 条）,declared,,J,J.11.2 浪涌（冲击）电流,变换器拓扑,I_in|P_out|η|PF|V_in,0.0000 0.0000 0.0000 1.0000 0.0000 0.0000 0.0000,true,A-2|A-5,,0.95,global,,,,,V6.0§J.11.2 浪涌（冲击）电流,section,I_{in} = \frac{P_{out}}{\eta \cdot PF \cdot V_{in}},I_in等于功率除以((η乘以PF)乘以电压),I_in = P_out/(η*PF*V_in),"{""op"": ""Equation"", ""relation"": ""="", ""lhs"": {""op"": ""Name"", ""id"": ""I_in""}, ""rhs"": {""op"": ""BinOp"", ""operator"": ""Div"", ""left"": {""op"": ""Name"", ""id"": ""P_out""}, ""right"": {""op"": ""BinOp"", ""operator"": ""Mult"", ""left"": {""op"": ""BinOp"", ""operator"": ""Mult"", ""left"": {""op"": ""Name"", ""id"": ""η""}, ""right"": {""op"": ""Name"", ""id"": ""PF""}}, ""right"": {""op"": ""Name"", ""id"": ""V_in""}}}}"
F_J.11.2_INRUSH_PEAK,INRUSH_PEAK,,id-short-name,,J,J.11.2 浪涌（冲击）电流,变换器拓扑,I_pk|V_peak|R_s,0.0000 0.0000 0.0000 1.0000 0.0000 0.0000 0.0000,true,A-2|A-5,,0.95,global,,,,,V6.0§J.11.2 浪涌（冲击）电流,section,I_{pk} = \frac{V_{peak}}{R_{s}},电流等于V_peak除以R_s,I_pk = V_peak/R_s,"{""op"": ""Equation"", ""relation"": ""="", ""lhs"": {""op"": ""Name"", ""id"": ""I_pk""}, ""rhs"": {""op"": ""BinOp"", ""operator"": ""Div"", ""left"": {""op"": ""Name"", ""id"": ""V_peak""}, ""right"": {""op"": ""Name"", ""id"": ""R_s""}}}"
F_J.11.3_INRUSH_TAU,INRUSH_TAU,,id-short-name,,J,J.11.2 浪涌（冲击）电流,变换器拓扑,τ|R_s|C_in,0.0000 0.0000 1.0000 0.0000 0.0000 0.0000 0.0000,true,A-2|A-5,,0.95,global,,,,,V6.0§J.11.2 浪涌（冲击）电流,section,\tau = R_{s} \cdot C_{in},τ等于R_s乘以电容,τ = R_s*C_in,"{""op"": ""Equation"", ""relation"": ""="", ""lhs"": {""op"": ""Name"", ""id"": ""τ""}, ""rhs"": {""op"": ""BinOp"", ""operator"": ""Mult"", ""left"": {""op"": ""Name"", ""id"": ""R_s""}, ""right"": {""op"": ""Name"", ""id"": ""C_in""}}}"
F_J.12.1_THERMAL_LIMITED_EFFICIENCY,热限效率,热限效率,declared,,J,J.12 卡诺效率上界的正确用法,变换器拓扑,η_max|P_out|T_max|T_a|R_θ,0.0000 0.0000 0.0000 0.0000 0.0000 0.0000 0.0000,true,A-12|T13,,0.95,global,,,,,V6.0§J.12 卡诺效率上界的正确用法,section,\eta_{max} = \frac{P_{out}}{P_{out} + \frac{T_{max} - T_{a}}{R_{\theta}}},η_max等于功率除以(功率加(T_max减结温/环温/壳温)除以热阻),η_max = P_out/(P_out+(T_max-T_a)/R_θ),"{""op"": ""Equation"", ""relation"": ""="", ""lhs"": {""op"": ""Name"", ""id"": ""η_max""}, ""rhs"": {""op"": ""BinOp"", ""operator"": ""Div"", ""left"": {""op"": ""Name"", ""id"": ""P_out""}, ""right"": {""op"": ""BinOp"", ""operator"": ""Add"", ""left"": {""op"": ""Name"", ""id"": ""P_out""}, ""right"": {""op"": ""BinOp"", ""operator"": ""Div"", ""left"": {""op"": ""BinOp"", ""operator"": ""Sub"", ""left"": {""op"": ""Name"", ""id"": ""T_max""}, ""right"": {""op"": ""Name"", ""id"": ""T_a""}}, ""right"": {""op"": ""Name"", ""id"": ""R_θ""}}}}}"
F_K.2_RHPZ_FREQ,RHPZ 频率,RHPZ 频率,declared,,K,K.2.2 RHPZ 频率,控制与环路,f_RHPZ|R_load|D|L,0.0000 0.0000 -1.0000 0.0000 0.0000 0.0000 0.0000,true,T21,,0.95,global,,,,,V6.0§K.2.2 RHPZ 频率,section,f_{RHPZ} = \frac{R_{load} \cdot (1 - D)^{2}}{2 \cdot 3.141592653589793 \cdot L},右半平面零点频率等于(R_load乘以(1减占空比) 的 2 次方)除以((2乘以3.141592653589793)乘以L),f_RHPZ = R_load*(1-D)**2/(2*3.141592653589793*L),"{""op"": ""Equation"", ""relation"": ""="", ""lhs"": {""op"": ""Name"", ""id"": ""f_RHPZ""}, ""rhs"": {""op"": ""BinOp"", ""operator"": ""Div"", ""left"": {""op"": ""BinOp"", ""operator"": ""Mult"", ""left"": {""op"": ""Name"", ""id"": ""R_load""}, ""right"": {""op"": ""BinOp"", ""operator"": ""Pow"", ""left"": {""op"": ""BinOp"", ""operator"": ""Sub"", ""left"": {""op"": ""Constant"", ""value"": 1}, ""right"": {""op"": ""Name"", ""id"": ""D""}}, ""right"": {""op"": ""Constant"", ""value"": 2}}}, ""right"": {""op"": ""BinOp"", ""operator"": ""Mult"", ""left"": {""op"": ""BinOp"", ""operator"": ""Mult"", ""left"": {""op"": ""Constant"", ""value"": 2}, ""right"": {""op"": ""Constant"", ""value"": 3.141592653589793}}, ""right"": {""op"": ""Name"", ""id"": ""L""}}}}"
F_K.3.9_PEAK_TIME,多穿越/峰值时间,多穿越/峰值时间,declared,,K,K.3.3 PM 与动态响应的关系（正确表述）,控制与环路,t_pk|ω_d,0.0000 0.0000 1.0000 0.0000 0.0000 0.0000 0.0000,true,T23,,0.95,global,,,,,V6.0§K.3.3 PM 与动态响应的关系（正确表述）,section,t_{pk} = \frac{3.141592653589793}{\omega_{d}},t_pk等于3.141592653589793除以ω_d,t_pk = 3.141592653589793/ω_d,"{""op"": ""Equation"", ""relation"": ""="", ""lhs"": {""op"": ""Name"", ""id"": ""t_pk""}, ""rhs"": {""op"": ""BinOp"", ""operator"": ""Div"", ""left"": {""op"": ""Constant"", ""value"": 3.141592653589793}, ""right"": {""op"": ""Name"", ""id"": ""ω_d""}}}"
F_K.3.8_SECOND_ORDER_BW,二阶动态指标（6 条）,二阶动态指标（6 条）,declared,,K,K.3.5 二阶系统解析响应（补充）,控制与环路,BW|ω_n|ζ,0.0000 0.0000 -1.0000 0.0000 0.0000 0.0000 0.0000,true,T23,,0.95,global,,,,,V6.0§K.3.5 二阶系统解析响应（补充）,section,BW = \omega_{n} \cdot \sqrt{1 - 2 \cdot \zeta^{2} + \sqrt{4 \cdot \zeta^{4} - 4 \cdot \zeta^{2} + 2}},BW等于固有/谐振/零点/极点频率乘以(1减2乘以阻尼比 的 2 次方)加(4乘以阻尼比 的 4 次方减4乘以阻尼比 的 2 次方)加2 的平方根 的平方根,BW = ω_n*sqrt(1-2*ζ**2+sqrt(4*ζ**4-4*ζ**2+2)),"{""op"": ""Equation"", ""relation"": ""="", ""lhs"": {""op"": ""Name"", ""id"": ""BW""}, ""rhs"": {""op"": ""BinOp"", ""operator"": ""Mult"", ""left"": {""op"": ""Name"", ""id"": ""ω_n""}, ""right"": {""op"": ""Call"", ""func"": {""op"": ""Name"", ""id"": ""sqrt""}, ""args"": [{""op"": ""BinOp"", ""operator"": ""Add"", ""left"": {""op"": ""BinOp"", ""operator"": ""Sub"", ""left"": {""op"": ""Constant"", ""value"": 1}, ""right"": {""op"": ""BinOp"", ""operator"": ""Mult"", ""left"": {""op"": ""Constant"", ""value"": 2}, ""right"": {""op"": ""BinOp"", ""operator"": ""Pow"", ""left"": {""op"": ""Name"", ""id"": ""ζ""}, ""right"": {""op"": ""Constant"", ""value"": 2}}}}, ""right"": {""op"": ""Call"", ""func"": {""op"": ""Name"", ""id"": ""sqrt""}, ""args"": [{""op"": ""BinOp"", ""operator"": ""Add"", ""left"": {""op"": ""BinOp"", ""operator"": ""Sub"", ""left"": {""op"": ""BinOp"", ""operator"": ""Mult"", ""left"": {""op"": ""Constant"", ""value"": 4}, ""right"": {""op"": ""BinOp"", ""operator"": ""Pow"", ""left"": {""op"": ""Name"", ""id"": ""ζ""}, ""right"": {""op"": ""Constant"", ""value"": 4}}}, ""right"": {""op"": ""BinOp"", ""operator"": ""Mult"", ""left"": {""op"": ""Constant"", ""value"": 4}, ""right"": {""op"": ""BinOp"", ""operator"": ""Pow"", ""left"": {""op"": ""Name"", ""id"": ""ζ""}, ""right"": {""op"": ""Constant"", ""value"": 2}}}}, ""right"": {""op"": ""Constant"", ""value"": 2}}]}}]}}}"
F_K.4.3_ZERO_PLACEMENT,ZERO_PLACEMENT,,id-short-name,,K,K.4.2 Type II（PI，一个零点 + 一个极点 + 原点极点）,控制与环路,ω_z|R_ESR|C_out,0.0000 0.0000 -1.0000 0.0000 0.0000 0.0000 0.0000,true,T20,,0.95,global,,,,,V6.0§K.4.2 Type II（PI，一个零点 + 一个极点 + 原点极点）,section,\omega_{z} = \frac{1}{R_{ESR} \cdot C_{out}},固有/谐振/零点/极点频率等于1除以(电容等效串联电阻/电感乘以电容),ω_z = 1/(R_ESR*C_out),"{""op"": ""Equation"", ""relation"": ""="", ""lhs"": {""op"": ""Name"", ""id"": ""ω_z""}, ""rhs"": {""op"": ""BinOp"", ""operator"": ""Div"", ""left"": {""op"": ""Constant"", ""value"": 1}, ""right"": {""op"": ""BinOp"", ""operator"": ""Mult"", ""left"": {""op"": ""Name"", ""id"": ""R_ESR""}, ""right"": {""op"": ""Name"", ""id"": ""C_out""}}}}"
F_K.7_SAMPLING_DELAY_PHASE,采样延迟约束（2 条）,采样延迟约束（2 条）,declared,,K,K.7.2 数字控制的交越频率约束,控制与环路,Δφ|f|f_sw,0.0000 0.0000 0.0000 0.0000 0.0000 0.0000 0.0000,true,T18,,0.95,global,,,,E-2,V6.0§K.7.2 数字控制的交越频率约束,section,\Delta \varphi = \frac{360 \cdot f}{f_{sw}},Δφ等于(360乘以f)除以开关频率,Δφ = 360*f/f_sw,"{""op"": ""Equation"", ""relation"": ""="", ""lhs"": {""op"": ""Name"", ""id"": ""Δφ""}, ""rhs"": {""op"": ""BinOp"", ""operator"": ""Div"", ""left"": {""op"": ""BinOp"", ""operator"": ""Mult"", ""left"": {""op"": ""Constant"", ""value"": 360}, ""right"": {""op"": ""Name"", ""id"": ""f""}}, ""right"": {""op"": ""Name"", ""id"": ""f_sw""}}}"
F_K.7.2_CROSSOVER_LIMITS,采样延迟约束（2 条）,采样延迟约束（2 条）,declared,,K,K.7.2 数字控制的交越频率约束,控制与环路,f_c|f_sw|f_RHPZ|f_esr,0.0000 0.0000 -1.0000 0.0000 0.0000 0.0000 0.0000,true,T26,,0.95,global,,,,,V6.0§K.7.2 数字控制的交越频率约束,section,"f_{c} ≤  \operatorname{min}(\frac{f_{sw}}{10}, \frac{f_{RHPZ}}{5}, \frac{f_{esr}}{3})",交越频率≤开关频率除以10 与 右半平面零点频率除以5、ESR 零点频率除以3 中的较小值,"f_c ≤ min(f_sw/10,f_RHPZ/5,f_esr/3)","{""op"": ""Equation"", ""relation"": ""≤"", ""lhs"": {""op"": ""Name"", ""id"": ""f_c""}, ""rhs"": {""op"": ""Call"", ""func"": {""op"": ""Name"", ""id"": ""min""}, ""args"": [{""op"": ""BinOp"", ""operator"": ""Div"", ""left"": {""op"": ""Name"", ""id"": ""f_sw""}, ""right"": {""op"": ""Constant"", ""value"": 10}}, {""op"": ""BinOp"", ""operator"": ""Div"", ""left"": {""op"": ""Name"", ""id"": ""f_RHPZ""}, ""right"": {""op"": ""Constant"", ""value"": 5}}, {""op"": ""BinOp"", ""operator"": ""Div"", ""left"": {""op"": ""Name"", ""id"": ""f_esr""}, ""right"": {""op"": ""Constant"", ""value"": 3}}]}}"
F_K.8_1_MEASUREMENT_PM,实测判据（2 条）,实测判据（2 条）,declared,,K,K.8.3 测试用例与判据,控制与环路,PM,0.0000 0.0000 0.0000 0.0000 0.0000 0.0000 0.0000,true,实验定律(待复核),,0.95,global,,,,,V6.0§K.8.3 测试用例与判据,section,PM ≥ 45,相位裕度及其下限≥45,PM ≥ 45,"{""op"": ""Equation"", ""relation"": ""≥"", ""lhs"": {""op"": ""Name"", ""id"": ""PM""}, ""rhs"": {""op"": ""Constant"", ""value"": 45}}"
F_L.2.1_OC_SETTING,过流整定,过流整定,declared,,L,L.2.2 定时限过流保护（反时限的定值）,保护,I_set|K_rel|K_ss|I_load_max|K_re,0.0000 0.0000 0.0000 1.0000 0.0000 0.0000 0.0000,true,实验定律(待复核),,0.95,global,,,,,V6.0§L.2.2 定时限过流保护（反时限的定值）,section,I_{set} = \frac{K_{rel} \cdot K_{ss} \cdot I_{load_max}}{K_{re}},I_set等于((可靠/返回/自启动/配合系数乘以可靠/返回/自启动/配合系数)乘以I_load_max)除以可靠/返回/自启动/配合系数,I_set = K_rel*K_ss*I_load_max/K_re,"{""op"": ""Equation"", ""relation"": ""="", ""lhs"": {""op"": ""Name"", ""id"": ""I_set""}, ""rhs"": {""op"": ""BinOp"", ""operator"": ""Div"", ""left"": {""op"": ""BinOp"", ""operator"": ""Mult"", ""left"": {""op"": ""BinOp"", ""operator"": ""Mult"", ""left"": {""op"": ""Name"", ""id"": ""K_rel""}, ""right"": {""op"": ""Name"", ""id"": ""K_ss""}}, ""right"": {""op"": ""Name"", ""id"": ""I_load_max""}}, ""right"": {""op"": ""Name"", ""id"": ""K_re""}}}"
F_L.2.2_SENSITIVITY_COEF,灵敏系数,灵敏系数,declared,,L,L.2.2 定时限过流保护（反时限的定值）,保护,K_sen|I_k_min|I_set,0.0000 0.0000 0.0000 0.0000 0.0000 0.0000 0.0000,true,实验定律(待复核),,0.95,global,,,,,V6.0§L.2.2 定时限过流保护（反时限的定值）,section,K_{sen} = \frac{I_{k_min}}{I_{set}},灵敏系数等于I_k_min除以I_set,K_sen = I_k_min/I_set,"{""op"": ""Equation"", ""relation"": ""="", ""lhs"": {""op"": ""Name"", ""id"": ""K_sen""}, ""rhs"": {""op"": ""BinOp"", ""operator"": ""Div"", ""left"": {""op"": ""Name"", ""id"": ""I_k_min""}, ""right"": {""op"": ""Name"", ""id"": ""I_set""}}}"
F_L.2.3_INSTANTANEOUS_SETTING,速断整定,速断整定,declared,,L,L.2.3 电流速断保护（I 段）整定,保护,I_set|K_rel|I_k3_max,0.0000 0.0000 0.0000 1.0000 0.0000 0.0000 0.0000,true,实验定律(待复核),,0.95,global,,,,,V6.0§L.2.3 电流速断保护（I 段）整定,section,I_{set} = K_{rel} \cdot I_{k3_max},I_set等于可靠/返回/自启动/配合系数乘以I_k3_max,I_set = K_rel*I_k3_max,"{""op"": ""Equation"", ""relation"": ""="", ""lhs"": {""op"": ""Name"", ""id"": ""I_set""}, ""rhs"": {""op"": ""BinOp"", ""operator"": ""Mult"", ""left"": {""op"": ""Name"", ""id"": ""K_rel""}, ""right"": {""op"": ""Name"", ""id"": ""I_k3_max""}}}"
F_L.3.3_CURRENT_GRADING,电流级差（2 条）,电流级差（2 条）,declared,,L,L.3.3 电流级差配合,保护,I_p1|K_p|I_p2,0.0000 0.0000 0.0000 1.0000 0.0000 0.0000 0.0000,true,实验定律(待复核),,0.95,global,,,,,V6.0§L.3.3 电流级差配合,section,I_{p1} ≥ K_{p} \cdot I_{p2},I_p1≥可靠/返回/自启动/配合系数乘以I_p2,I_p1 ≥ K_p*I_p2,"{""op"": ""Equation"", ""relation"": ""≥"", ""lhs"": {""op"": ""Name"", ""id"": ""I_p1""}, ""rhs"": {""op"": ""BinOp"", ""operator"": ""Mult"", ""left"": {""op"": ""Name"", ""id"": ""K_p""}, ""right"": {""op"": ""Name"", ""id"": ""I_p2""}}}"
F_L.3.4_CURRENT_GRADING_FULL,电流级差（2 条）,电流级差（2 条）,declared,,L,L.3.3 电流级差配合,保护,I_p1|K_rel|K_err|I_p2,0.0000 0.0000 0.0000 1.0000 0.0000 0.0000 0.0000,true,实验定律(待复核),,0.95,global,,,,,V6.0§L.3.3 电流级差配合,section,I_{p1} ≥ K_{rel} \cdot K_{err} \cdot I_{p2},I_p1≥(可靠/返回/自启动/配合系数乘以可靠/返回/自启动/配合系数)乘以I_p2,I_p1 ≥ K_rel*K_err*I_p2,"{""op"": ""Equation"", ""relation"": ""≥"", ""lhs"": {""op"": ""Name"", ""id"": ""I_p1""}, ""rhs"": {""op"": ""BinOp"", ""operator"": ""Mult"", ""left"": {""op"": ""BinOp"", ""operator"": ""Mult"", ""left"": {""op"": ""Name"", ""id"": ""K_rel""}, ""right"": {""op"": ""Name"", ""id"": ""K_err""}}, ""right"": {""op"": ""Name"", ""id"": ""I_p2""}}}"
F_L.4_TRIP_TIME_CONSTRAINT,动作时间（3 条）,动作时间（3 条）,declared,,L,L.4.2 器件容许过载时间曲线,保护,t_trip|t_damage|t_margin,0.0000 0.0000 1.0000 0.0000 0.0000 0.0000 0.0000,true,实验定律(待复核),,0.95,global,,,,,V6.0§L.4.2 器件容许过载时间曲线,section,t_{trip} ≤ t_{damage} - t_{margin},t_trip≤t_damage减t_margin,t_trip ≤ t_damage-t_margin,"{""op"": ""Equation"", ""relation"": ""≤"", ""lhs"": {""op"": ""Name"", ""id"": ""t_trip""}, ""rhs"": {""op"": ""BinOp"", ""operator"": ""Sub"", ""left"": {""op"": ""Name"", ""id"": ""t_damage""}, ""right"": {""op"": ""Name"", ""id"": ""t_margin""}}}"
F_L.4.3_TOTAL_TRIP_TIME,动作时间（3 条）,动作时间（3 条）,declared,,L,L.4.3 保护动作时序（逻辑框图）,保护,t_trip_total|t_filter|t_detect|t_delay|t_out,0.0000 0.0000 1.0000 0.0000 0.0000 0.0000 0.0000,true,实验定律(待复核),,0.95,global,,,,,V6.0§L.4.3 保护动作时序（逻辑框图）,section,t_{trip_total} = t_{filter} + t_{detect} + t_{delay} + t_{out},t_trip_total等于((t_filter加t_detect)加t_delay)加t_out,t_trip_total = t_filter+t_detect+t_delay+t_out,"{""op"": ""Equation"", ""relation"": ""="", ""lhs"": {""op"": ""Name"", ""id"": ""t_trip_total""}, ""rhs"": {""op"": ""BinOp"", ""operator"": ""Add"", ""left"": {""op"": ""BinOp"", ""operator"": ""Add"", ""left"": {""op"": ""BinOp"", ""operator"": ""Add"", ""left"": {""op"": ""Name"", ""id"": ""t_filter""}, ""right"": {""op"": ""Name"", ""id"": ""t_detect""}}, ""right"": {""op"": ""Name"", ""id"": ""t_delay""}}, ""right"": {""op"": ""Name"", ""id"": ""t_out""}}}"
F_L.5.4_PFH_1002,PFH_1002,,id-short-name,,L,L.5.4 PFH 计算（1002 架构，双通道带诊断）,保护,PFH|λ_DU|T_proof,0.0000 0.0000 -1.0000 0.0000 0.0000 0.0000 0.0000,true,A-16,,0.95,global,,,,,IEC 61508-6,standard,PFH ≈ \lambda_{DU}^{2} \cdot T_{proof},功能安全指标≈失效率分解 的 2 次方乘以诊断测试间隔,PFH ≈ λ_DU**2*T_proof,"{""op"": ""Equation"", ""relation"": ""≈"", ""lhs"": {""op"": ""Name"", ""id"": ""PFH""}, ""rhs"": {""op"": ""BinOp"", ""operator"": ""Mult"", ""left"": {""op"": ""BinOp"", ""operator"": ""Pow"", ""left"": {""op"": ""Name"", ""id"": ""λ_DU""}, ""right"": {""op"": ""Constant"", ""value"": 2}}, ""right"": {""op"": ""Name"", ""id"": ""T_proof""}}}"
F_L.5.5_PFH_1001,PFH_1001,,id-short-name,,L,L.5.4 PFH 计算（1002 架构，双通道带诊断）,保护,PFH|λ_DU,0.0000 0.0000 -1.0000 0.0000 0.0000 0.0000 0.0000,true,A-16,,0.95,global,,,,,V6.0§L.5.4 PFH 计算（1002 架构，双通道带诊断）,section,PFH ≈ \lambda_{DU},功能安全指标≈失效率分解,PFH ≈ λ_DU,"{""op"": ""Equation"", ""relation"": ""≈"", ""lhs"": {""op"": ""Name"", ""id"": ""PFH""}, ""rhs"": {""op"": ""Name"", ""id"": ""λ_DU""}}"
F_M.1.7_TUR_RECOMMENDED,TUR 推荐/量程依赖（2 条）,TUR 推荐/量程依赖（2 条）,declared,,M,M.1.4 测试不确定度比 TUR,监控与遥测,TUR,0.0000 0.0000 0.0000 0.0000 0.0000 0.0000 0.0000,true,实验定律(待复核),,0.95,global,,,,,V6.0§M.1.4 测试不确定度比 TUR,section,TUR ≥ 10,测试不确定度比≥10,TUR ≥ 10,"{""op"": ""Equation"", ""relation"": ""≥"", ""lhs"": {""op"": ""Name"", ""id"": ""TUR""}, ""rhs"": {""op"": ""Constant"", ""value"": 10}}"
F_M.1.16_ADC_ENOB,ADC_ENOB,,id-short-name,,M,M.1.7.1 量化误差,监控与遥测,ENOB|SINAD,0.0000 0.0000 0.0000 0.0000 0.0000 0.0000 0.0000,true,A-10,,0.95,global,,,,,V6.0§M.1.7.1 量化误差,section,ENOB = \frac{SINAD - 1.76}{6.02},采样率/位数/量化步/信噪比/有效位等于(SINAD减1.76)除以6.02,ENOB = (SINAD-1.76)/6.02,"{""op"": ""Equation"", ""relation"": ""="", ""lhs"": {""op"": ""Name"", ""id"": ""ENOB""}, ""rhs"": {""op"": ""BinOp"", ""operator"": ""Div"", ""left"": {""op"": ""BinOp"", ""operator"": ""Sub"", ""left"": {""op"": ""Name"", ""id"": ""SINAD""}, ""right"": {""op"": ""Constant"", ""value"": 1.76}}, ""right"": {""op"": ""Constant"", ""value"": 6.02}}}"
F_M.1.18_APERTURE_PHASE,孔径误差**（2 条）,孔径误差**（2 条）,declared,,M,M.1.7.2 采样孔径误差（aperture error，V6.0 新增，最易被忽略）,监控与遥测,Δφ|f|t_ap,0.0000 0.0000 0.0000 0.0000 0.0000 0.0000 0.0000,true,A-7,,0.95,global,,,,,V6.0§M.1.7.2 采样孔径误差（aperture error，V6.0 新增，最易被忽略）,section,\Delta \varphi = 360 \cdot f \cdot t_{ap},Δφ等于(360乘以f)乘以t_ap,Δφ = 360*f*t_ap,"{""op"": ""Equation"", ""relation"": ""="", ""lhs"": {""op"": ""Name"", ""id"": ""Δφ""}, ""rhs"": {""op"": ""BinOp"", ""operator"": ""Mult"", ""left"": {""op"": ""BinOp"", ""operator"": ""Mult"", ""left"": {""op"": ""Constant"", ""value"": 360}, ""right"": {""op"": ""Name"", ""id"": ""f""}}, ""right"": {""op"": ""Name"", ""id"": ""t_ap""}}}"
F_M.2.10_SUPERVISION_POWER,SUPERVISION_POWER,,id-short-name,,M,M.2.6 线监督与断线检测,监控与遥测,P_sup|V_supply|I_sup,2.0000 1.0000 -3.0000 0.0000 0.0000 0.0000 0.0000,true,A-3,,0.95,global,,,,,V6.0§M.2.6 线监督与断线检测,section,P_{sup} = V_{supply} \cdot I_{sup},P_sup等于V_supply乘以I_sup,P_sup = V_supply*I_sup,"{""op"": ""Equation"", ""relation"": ""="", ""lhs"": {""op"": ""Name"", ""id"": ""P_sup""}, ""rhs"": {""op"": ""BinOp"", ""operator"": ""Mult"", ""left"": {""op"": ""Name"", ""id"": ""V_supply""}, ""right"": {""op"": ""Name"", ""id"": ""I_sup""}}}"
F_M.3_WATCHDOG,看门狗（3 条）,看门狗（3 条）,declared,,M,M.3.2 看门狗,监控与遥测,t_wdt|t_safe,0.0000 0.0000 1.0000 0.0000 0.0000 0.0000 0.0000,true,A-14,,0.95,global,,,,,V6.0§M.3.2 看门狗,section,t_{wdt} < t_{safe},看门狗/安全时间/超时/心跳小于看门狗/安全时间/超时/心跳,t_wdt < t_safe,"{""op"": ""Equation"", ""relation"": ""<"", ""lhs"": {""op"": ""Name"", ""id"": ""t_wdt""}, ""rhs"": {""op"": ""Name"", ""id"": ""t_safe""}}"
F_M.3.2_WDT_FEASIBILITY,看门狗（3 条）,看门狗（3 条）,declared,,M,M.3.2 看门狗,监控与遥测,t_max_exec|t_safe,0.0000 0.0000 1.0000 0.0000 0.0000 0.0000 0.0000,true,A-14,,0.95,global,,,,,V6.0§M.3.2 看门狗,section,t_{max_exec} < t_{safe},t_max_exec小于看门狗/安全时间/超时/心跳,t_max_exec < t_safe,"{""op"": ""Equation"", ""relation"": ""<"", ""lhs"": {""op"": ""Name"", ""id"": ""t_max_exec""}, ""rhs"": {""op"": ""Name"", ""id"": ""t_safe""}}"
F_N.1_THERMAL_NETWORK,THERMAL_NETWORK,,id-short-name,,N,N.1.5 瞬态热与热时间常数,可靠性,T_j|T_a|P|R_θjc|R_θcs|R_θsa,0.0000 0.0000 0.0000 0.0000 1.0000 0.0000 0.0000,true,A-3,,0.95,global,,,,,V6.0§N.1.5 瞬态热与热时间常数,section,T_{j} = T_{a} + P \cdot (R_{\theta jc} + R_{\theta cs} + R_{\theta sa}),结温/环温/壳温等于结温/环温/壳温加P乘以((热阻加热阻)加热阻),T_j = T_a+P*(R_θjc+R_θcs+R_θsa),"{""op"": ""Equation"", ""relation"": ""="", ""lhs"": {""op"": ""Name"", ""id"": ""T_j""}, ""rhs"": {""op"": ""BinOp"", ""operator"": ""Add"", ""left"": {""op"": ""Name"", ""id"": ""T_a""}, ""right"": {""op"": ""BinOp"", ""operator"": ""Mult"", ""left"": {""op"": ""Name"", ""id"": ""P""}, ""right"": {""op"": ""BinOp"", ""operator"": ""Add"", ""left"": {""op"": ""BinOp"", ""operator"": ""Add"", ""left"": {""op"": ""Name"", ""id"": ""R_θjc""}, ""right"": {""op"": ""Name"", ""id"": ""R_θcs""}}, ""right"": {""op"": ""Name"", ""id"": ""R_θsa""}}}}}"
F_N.1.5_THERMAL_TAU,THERMAL_TAU,,id-short-name,,N,N.1.5 瞬态热与热时间常数,可靠性,τ_th|R_θ|C_th,0.0000 0.0000 1.0000 0.0000 0.0000 0.0000 0.0000,true,实验定律(待复核),,0.95,global,,,,,V6.0§N.1.5 瞬态热与热时间常数,section,\tau_{th} = R_{\theta} \cdot C_{th},热时间常数等于热阻乘以C_th,τ_th = R_θ*C_th,"{""op"": ""Equation"", ""relation"": ""="", ""lhs"": {""op"": ""Name"", ""id"": ""τ_th""}, ""rhs"": {""op"": ""BinOp"", ""operator"": ""Mult"", ""left"": {""op"": ""Name"", ""id"": ""R_θ""}, ""right"": {""op"": ""Name"", ""id"": ""C_th""}}}"
F_N.2_LOSS_BUDGET,LOSS_BUDGET,,id-short-name,,N,N.2 效率的热可行性上界,可靠性,P_loss_max|T_max|T_a|R_θ_total,2.0000 1.0000 -3.0000 0.0000 0.0000 0.0000 0.0000,true,实验定律(待复核),,0.95,global,,G.5,,,V6.0§N.2 效率的热可行性上界,section,P_{loss_max} = \frac{T_{max} - T_{a}}{R_{\theta_total}},P_loss_max等于(T_max减结温/环温/壳温)除以R_θ_total,P_loss_max = (T_max-T_a)/R_θ_total,"{""op"": ""Equation"", ""relation"": ""="", ""lhs"": {""op"": ""Name"", ""id"": ""P_loss_max""}, ""rhs"": {""op"": ""BinOp"", ""operator"": ""Div"", ""left"": {""op"": ""BinOp"", ""operator"": ""Sub"", ""left"": {""op"": ""Name"", ""id"": ""T_max""}, ""right"": {""op"": ""Name"", ""id"": ""T_a""}}, ""right"": {""op"": ""Name"", ""id"": ""R_θ_total""}}}"
F_N.2.1_THERMAL_EFFICIENCY_LIMIT,THERMAL_EFFICIENCY_LIMIT,,id-short-name,,N,N.2 效率的热可行性上界,可靠性,η_max|P_out|P_loss_max,0.0000 0.0000 0.0000 0.0000 0.0000 0.0000 0.0000,true,实验定律(待复核),,0.95,global,,,,,V6.0§N.2 效率的热可行性上界,section,\eta_{max} = \frac{P_{out}}{P_{out} + P_{loss_max}},η_max等于功率除以(功率加P_loss_max),η_max = P_out/(P_out+P_loss_max),"{""op"": ""Equation"", ""relation"": ""="", ""lhs"": {""op"": ""Name"", ""id"": ""η_max""}, ""rhs"": {""op"": ""BinOp"", ""operator"": ""Div"", ""left"": {""op"": ""Name"", ""id"": ""P_out""}, ""right"": {""op"": ""BinOp"", ""operator"": ""Add"", ""left"": {""op"": ""Name"", ""id"": ""P_out""}, ""right"": {""op"": ""Name"", ""id"": ""P_loss_max""}}}}"
F_N.4.2_MTBF,平均失效间隔时间,,standard:GB/T 3187-1994,,N,N.4.1 指数分布与 MTBF,可靠性,MTTF|λ,0.0000 0.0000 1.0000 0.0000 0.0000 0.0000 0.0000,true,实验定律(待复核),,0.95,global,,,,,Telcordia SR-332**（Issue 2）,standard,MTTF = \frac{1}{\lambda},平均无故障/修复/间隔时间等于1除以失效率,MTTF = 1/λ,"{""op"": ""Equation"", ""relation"": ""="", ""lhs"": {""op"": ""Name"", ""id"": ""MTTF""}, ""rhs"": {""op"": ""BinOp"", ""operator"": ""Div"", ""left"": {""op"": ""Constant"", ""value"": 1}, ""right"": {""op"": ""Name"", ""id"": ""λ""}}}"
F_N.5.3_CAP_RIPPLE_HEATING,CAP_RIPPLE_HEATING,,id-short-name,,N,N.5.3 纹波电流发热,可靠性,P|I_ripple_rms|ESR,2.0000 1.0000 -3.0000 0.0000 0.0000 0.0000 0.0000,true,实验定律(待复核),,0.95,global,,,,,V6.0§N.5.3 纹波电流发热,section,P = I_{ripple_rms}^{2} \cdot ESR,P等于I_ripple_rms 的 2 次方乘以ESR,P = I_ripple_rms**2*ESR,"{""op"": ""Equation"", ""relation"": ""="", ""lhs"": {""op"": ""Name"", ""id"": ""P""}, ""rhs"": {""op"": ""BinOp"", ""operator"": ""Mult"", ""left"": {""op"": ""BinOp"", ""operator"": ""Pow"", ""left"": {""op"": ""Name"", ""id"": ""I_ripple_rms""}, ""right"": {""op"": ""Constant"", ""value"": 2}}, ""right"": {""op"": ""Name"", ""id"": ""ESR""}}}"
F_P.1.1_RINGING_FREQ,RINGING_FREQ,,id-short-name,,P,P.1.1 开关节点振铃频率,电磁兼容,f_ring|L_par|C_oss,0.0000 0.0000 -1.0000 0.0000 0.0000 0.0000 0.0000,true,A-5,,0.95,global,,,,,V6.0§P.1.1 开关节点振铃频率,section,f_{ring} = \frac{1}{2 \cdot 3.141592653589793 \cdot \sqrt{L_{par} \cdot C_{oss}}},f_ring等于1除以((2乘以3.141592653589793)乘以L_par乘以C_oss 的平方根),f_ring = 1/(2*3.141592653589793*sqrt(L_par*C_oss)),"{""op"": ""Equation"", ""relation"": ""="", ""lhs"": {""op"": ""Name"", ""id"": ""f_ring""}, ""rhs"": {""op"": ""BinOp"", ""operator"": ""Div"", ""left"": {""op"": ""Constant"", ""value"": 1}, ""right"": {""op"": ""BinOp"", ""operator"": ""Mult"", ""left"": {""op"": ""BinOp"", ""operator"": ""Mult"", ""left"": {""op"": ""Constant"", ""value"": 2}, ""right"": {""op"": ""Constant"", ""value"": 3.141592653589793}}, ""right"": {""op"": ""Call"", ""func"": {""op"": ""Name"", ""id"": ""sqrt""}, ""args"": [{""op"": ""BinOp"", ""operator"": ""Mult"", ""left"": {""op"": ""Name"", ""id"": ""L_par""}, ""right"": {""op"": ""Name"", ""id"": ""C_oss""}}]}}}}"
F_P.2.2_FILTER_CAP,FILTER_CAP,,id-short-name,,P,P.2.2 滤波器输入/输出电容选取,电磁兼容,C_f|f_c|ρ,-2.0000 -1.0000 4.0000 2.0000 0.0000 0.0000 0.0000,true,实验定律(待复核),,0.95,global,,,,,V6.0§P.2.2 滤波器输入/输出电容选取,section,C_{f} = \frac{1}{2 \cdot 3.141592653589793 \cdot f_{c} \cdot \rho},C_f等于1除以(((2乘以3.141592653589793)乘以交越频率)乘以屏蔽/阻抗),C_f = 1/(2*3.141592653589793*f_c*ρ),"{""op"": ""Equation"", ""relation"": ""="", ""lhs"": {""op"": ""Name"", ""id"": ""C_f""}, ""rhs"": {""op"": ""BinOp"", ""operator"": ""Div"", ""left"": {""op"": ""Constant"", ""value"": 1}, ""right"": {""op"": ""BinOp"", ""operator"": ""Mult"", ""left"": {""op"": ""BinOp"", ""operator"": ""Mult"", ""left"": {""op"": ""BinOp"", ""operator"": ""Mult"", ""left"": {""op"": ""Constant"", ""value"": 2}, ""right"": {""op"": ""Constant"", ""value"": 3.141592653589793}}, ""right"": {""op"": ""Name"", ""id"": ""f_c""}}, ""right"": {""op"": ""Name"", ""id"": ""ρ""}}}}"
F_P.3.1_Y_CAP_LEAKAGE,Y_CAP_LEAKAGE,,id-short-name,,P,P.3.2 共模扼流圈,电磁兼容,I_leak|f|C_Y|V_line,0.0000 0.0000 0.0000 1.0000 0.0000 0.0000 0.0000,true,A-5,,0.95,global,,,,,V6.0§P.3.2 共模扼流圈,section,I_{leak} = 2 \cdot 3.141592653589793 \cdot f \cdot C_{Y} \cdot V_{line} \cdot \sqrt{3},I_leak等于((((2乘以3.141592653589793)乘以f)乘以C_Y)乘以V_line)乘以3 的平方根,I_leak = 2*3.141592653589793*f*C_Y*V_line*sqrt(3),"{""op"": ""Equation"", ""relation"": ""="", ""lhs"": {""op"": ""Name"", ""id"": ""I_leak""}, ""rhs"": {""op"": ""BinOp"", ""operator"": ""Mult"", ""left"": {""op"": ""BinOp"", ""operator"": ""Mult"", ""left"": {""op"": ""BinOp"", ""operator"": ""Mult"", ""left"": {""op"": ""BinOp"", ""operator"": ""Mult"", ""left"": {""op"": ""BinOp"", ""operator"": ""Mult"", ""left"": {""op"": ""Constant"", ""value"": 2}, ""right"": {""op"": ""Constant"", ""value"": 3.141592653589793}}, ""right"": {""op"": ""Name"", ""id"": ""f""}}, ""right"": {""op"": ""Name"", ""id"": ""C_Y""}}, ""right"": {""op"": ""Name"", ""id"": ""V_line""}}, ""right"": {""op"": ""Call"", ""func"": {""op"": ""Name"", ""id"": ""sqrt""}, ""args"": [{""op"": ""Constant"", ""value"": 3}]}}}"
F_P.3.3_CM_SELF_RESONANCE,CM_SELF_RESONANCE,,id-short-name,,P,P.3.2 共模扼流圈,电磁兼容,f_self|L_CM|C_par,0.0000 0.0000 -1.0000 0.0000 0.0000 0.0000 0.0000,true,A-5,,0.95,global,,,,,V6.0§P.3.2 共模扼流圈,section,f_{self} = \frac{1}{2 \cdot 3.141592653589793 \cdot \sqrt{L_{CM} \cdot C_{par}}},f_self等于1除以((2乘以3.141592653589793)乘以共模/差模电感乘以电容 的平方根),f_self = 1/(2*3.141592653589793*sqrt(L_CM*C_par)),"{""op"": ""Equation"", ""relation"": ""="", ""lhs"": {""op"": ""Name"", ""id"": ""f_self""}, ""rhs"": {""op"": ""BinOp"", ""operator"": ""Div"", ""left"": {""op"": ""Constant"", ""value"": 1}, ""right"": {""op"": ""BinOp"", ""operator"": ""Mult"", ""left"": {""op"": ""BinOp"", ""operator"": ""Mult"", ""left"": {""op"": ""Constant"", ""value"": 2}, ""right"": {""op"": ""Constant"", ""value"": 3.141592653589793}}, ""right"": {""op"": ""Call"", ""func"": {""op"": ""Name"", ""id"": ""sqrt""}, ""args"": [{""op"": ""BinOp"", ""operator"": ""Mult"", ""left"": {""op"": ""Name"", ""id"": ""L_CM""}, ""right"": {""op"": ""Name"", ""id"": ""C_par""}}]}}}}"
F_Q.3.2_REDISTRIBUTION,REDISTRIBUTION,,id-short-name,,Q,Q.3.3 双重故障（N+2 冗余）,热设计,P_new|P_load|n,2.0000 1.0000 -3.0000 0.0000 0.0000 0.0000 0.0000,true,A-1,,0.95,global,,,,,V6.0§Q.3.3 双重故障（N+2 冗余）,section,P_{new} = \frac{P_{load}}{n - 1},P_new等于P_load除以(n减1),P_new = P_load/(n-1),"{""op"": ""Equation"", ""relation"": ""="", ""lhs"": {""op"": ""Name"", ""id"": ""P_new""}, ""rhs"": {""op"": ""BinOp"", ""operator"": ""Div"", ""left"": {""op"": ""Name"", ""id"": ""P_load""}, ""right"": {""op"": ""BinOp"", ""operator"": ""Sub"", ""left"": {""op"": ""Name"", ""id"": ""n""}, ""right"": {""op"": ""Constant"", ""value"": 1}}}}"
F_Q.4.1_ORING_DROP,ORING_DROP,,id-short-name,,Q,Q.4.3 冗余切换时间与失效窗,热设计,V_drop|I_load|R_ds_on,2.0000 1.0000 -3.0000 -1.0000 0.0000 0.0000 0.0000,true,A-1,,0.95,global,,,,,V6.0§Q.4.3 冗余切换时间与失效窗,section,V_{drop} = I_{load} \cdot R_{ds_on},V_drop等于电流乘以R_ds_on,V_drop = I_load*R_ds_on,"{""op"": ""Equation"", ""relation"": ""="", ""lhs"": {""op"": ""Name"", ""id"": ""V_drop""}, ""rhs"": {""op"": ""BinOp"", ""operator"": ""Mult"", ""left"": {""op"": ""Name"", ""id"": ""I_load""}, ""right"": {""op"": ""Name"", ""id"": ""R_ds_on""}}}"
F_Q.4.2_FAILOVER_WINDOW,FAILOVER_WINDOW,,id-short-name,,Q,Q.4.3 冗余切换时间与失效窗,热设计,t_failover|t_detect|t_decide|t_isolate|t_switch,0.0000 0.0000 1.0000 0.0000 0.0000 0.0000 0.0000,true,A-14,,0.95,global,,,,,V6.0§Q.4.3 冗余切换时间与失效窗,section,t_{failover} = t_{detect} + t_{decide} + t_{isolate} + t_{switch},t_failover等于((t_detect加t_decide)加t_isolate)加t_switch,t_failover = t_detect+t_decide+t_isolate+t_switch,"{""op"": ""Equation"", ""relation"": ""="", ""lhs"": {""op"": ""Name"", ""id"": ""t_failover""}, ""rhs"": {""op"": ""BinOp"", ""operator"": ""Add"", ""left"": {""op"": ""BinOp"", ""operator"": ""Add"", ""left"": {""op"": ""BinOp"", ""operator"": ""Add"", ""left"": {""op"": ""Name"", ""id"": ""t_detect""}, ""right"": {""op"": ""Name"", ""id"": ""t_decide""}}, ""right"": {""op"": ""Name"", ""id"": ""t_isolate""}}, ""right"": {""op"": ""Name"", ""id"": ""t_switch""}}}"
F_Q.4.3_FAILOVER_HOLDUP,FAILOVER_HOLDUP,,id-short-name,,Q,Q.4.3 冗余切换时间与失效窗,热设计,t_hold|t_failover|t_margin,0.0000 0.0000 1.0000 0.0000 0.0000 0.0000 0.0000,true,实验定律(待复核),,0.95,global,,,,,V6.0§Q.4.3 冗余切换时间与失效窗,section,t_{hold} ≥ t_{failover} + t_{margin},t_hold≥t_failover加t_margin,t_hold ≥ t_failover+t_margin,"{""op"": ""Equation"", ""relation"": ""≥"", ""lhs"": {""op"": ""Name"", ""id"": ""t_hold""}, ""rhs"": {""op"": ""BinOp"", ""operator"": ""Add"", ""left"": {""op"": ""Name"", ""id"": ""t_failover""}, ""right"": {""op"": ""Name"", ""id"": ""t_margin""}}}"
F_Q.5.1_HOT_SWAP_INRUSH,HOT_SWAP_INRUSH,,id-short-name,,Q,Q.5.2 热插拔要求,热设计,I_inrush|V_bus|R_inrush_path,0.0000 0.0000 0.0000 1.0000 0.0000 0.0000 0.0000,true,A-2,,0.95,global,,,,,V6.0§Q.5.2 热插拔要求,section,I_{inrush} = \frac{V_{bus}}{R_{inrush_path}},I_inrush等于V_bus除以R_inrush_path,I_inrush = V_bus/R_inrush_path,"{""op"": ""Equation"", ""relation"": ""="", ""lhs"": {""op"": ""Name"", ""id"": ""I_inrush""}, ""rhs"": {""op"": ""BinOp"", ""operator"": ""Div"", ""left"": {""op"": ""Name"", ""id"": ""V_bus""}, ""right"": {""op"": ""Name"", ""id"": ""R_inrush_path""}}}"
F_Q.5.2_CONTACT_RESISTANCE_LOSS,CONTACT_RESISTANCE_LOSS,,id-short-name,,Q,Q.5.2 热插拔要求,热设计,P_contact|I|R_contact,2.0000 1.0000 -3.0000 0.0000 0.0000 0.0000 0.0000,true,A-3,,0.95,global,,,,,V6.0§Q.5.2 热插拔要求,section,P_{contact} = I^{2} \cdot R_{contact},P_contact等于I 的 2 次方乘以R_contact,P_contact = I**2*R_contact,"{""op"": ""Equation"", ""relation"": ""="", ""lhs"": {""op"": ""Name"", ""id"": ""P_contact""}, ""rhs"": {""op"": ""BinOp"", ""operator"": ""Mult"", ""left"": {""op"": ""BinOp"", ""operator"": ""Pow"", ""left"": {""op"": ""Name"", ""id"": ""I""}, ""right"": {""op"": ""Constant"", ""value"": 2}}, ""right"": {""op"": ""Name"", ""id"": ""R_contact""}}}"
F_R.1_CROSS_REGULATION,CROSS_REGULATION,,id-short-name,,R,R.1.2 三个必须同时给出的指标,并网与互连,CR|ΔV_aux|V_aux_nom,0.0000 0.0000 0.0000 0.0000 0.0000 0.0000 0.0000,true,实验定律(待复核),,0.95,global,,,,E-6,V6.0§R.1.2 三个必须同时给出的指标,section,CR = \frac{\Delta V_{aux}}{V_{aux_nom}} \cdot 100,CR等于(ΔV_aux除以V_aux_nom)乘以100,CR = ΔV_aux/V_aux_nom*100,"{""op"": ""Equation"", ""relation"": ""="", ""lhs"": {""op"": ""Name"", ""id"": ""CR""}, ""rhs"": {""op"": ""BinOp"", ""operator"": ""Mult"", ""left"": {""op"": ""BinOp"", ""operator"": ""Div"", ""left"": {""op"": ""Name"", ""id"": ""ΔV_aux""}, ""right"": {""op"": ""Name"", ""id"": ""V_aux_nom""}}, ""right"": {""op"": ""Constant"", ""value"": 100}}}"
F_R.2.2_POST_REG_LOSS,POST_REG_LOSS,,id-short-name,,R,R.2.2 改善措施与效果,并网与互连,P_loss|V_in|V_out|I_out,2.0000 1.0000 -3.0000 0.0000 0.0000 0.0000 0.0000,true,实验定律(待复核),,0.95,global,,,,,V6.0§R.2.2 改善措施与效果,section,P_{loss} = (V_{in} - V_{out}) \cdot I_{out},功率等于(电压减电压)乘以I_out,P_loss = (V_in-V_out)*I_out,"{""op"": ""Equation"", ""relation"": ""="", ""lhs"": {""op"": ""Name"", ""id"": ""P_loss""}, ""rhs"": {""op"": ""BinOp"", ""operator"": ""Mult"", ""left"": {""op"": ""BinOp"", ""operator"": ""Sub"", ""left"": {""op"": ""Name"", ""id"": ""V_in""}, ""right"": {""op"": ""Name"", ""id"": ""V_out""}}, ""right"": {""op"": ""Name"", ""id"": ""I_out""}}}"
F_R.3.4_LDO_LOSS,LDO_LOSS,,id-short-name,,R,R.3.2 正确的容量公式,并网与互连,P_loss|V_in|V_out|I_out,2.0000 1.0000 -3.0000 0.0000 0.0000 0.0000 0.0000,true,实验定律(待复核),,0.95,global,,,,,V6.0§R.3.2 正确的容量公式,section,P_{loss} = (V_{in} - V_{out}) \cdot I_{out},功率等于(电压减电压)乘以I_out,P_loss = (V_in-V_out)*I_out,"{""op"": ""Equation"", ""relation"": ""="", ""lhs"": {""op"": ""Name"", ""id"": ""P_loss""}, ""rhs"": {""op"": ""BinOp"", ""operator"": ""Mult"", ""left"": {""op"": ""BinOp"", ""operator"": ""Sub"", ""left"": {""op"": ""Name"", ""id"": ""V_in""}, ""right"": {""op"": ""Name"", ""id"": ""V_out""}}, ""right"": {""op"": ""Name"", ""id"": ""I_out""}}}"
F_S.1_INPUT_CURRENT,INPUT_CURRENT,,id-short-name,,S,S.1.2 输入功率预算,结构,I_in|P_out|η|PF|V_in,0.0000 0.0000 0.0000 1.0000 0.0000 0.0000 0.0000,true,A-3,,0.95,global,,,,,V6.0§S.1.2 输入功率预算,section,I_{in} = \frac{P_{out}}{\eta \cdot PF \cdot V_{in}},I_in等于功率除以((η乘以PF)乘以电压),I_in = P_out/(η*PF*V_in),"{""op"": ""Equation"", ""relation"": ""="", ""lhs"": {""op"": ""Name"", ""id"": ""I_in""}, ""rhs"": {""op"": ""BinOp"", ""operator"": ""Div"", ""left"": {""op"": ""Name"", ""id"": ""P_out""}, ""right"": {""op"": ""BinOp"", ""operator"": ""Mult"", ""left"": {""op"": ""BinOp"", ""operator"": ""Mult"", ""left"": {""op"": ""Name"", ""id"": ""η""}, ""right"": {""op"": ""Name"", ""id"": ""PF""}}, ""right"": {""op"": ""Name"", ""id"": ""V_in""}}}}"
F_S.1.1_AC_RMS_CURRENT,AC_RMS_CURRENT,,id-short-name,,S,S.1.2 输入功率预算,结构,I_in_rms|P_in|V_in_rms|PF,0.0000 0.0000 0.0000 1.0000 0.0000 0.0000 0.0000,true,A-8,,0.95,global,,,,,V6.0§S.1.2 输入功率预算,section,I_{in_rms} = \frac{P_{in}}{V_{in_rms} \cdot PF},I_in_rms等于功率除以(V_in_rms乘以PF),I_in_rms = P_in/(V_in_rms*PF),"{""op"": ""Equation"", ""relation"": ""="", ""lhs"": {""op"": ""Name"", ""id"": ""I_in_rms""}, ""rhs"": {""op"": ""BinOp"", ""operator"": ""Div"", ""left"": {""op"": ""Name"", ""id"": ""P_in""}, ""right"": {""op"": ""BinOp"", ""operator"": ""Mult"", ""left"": {""op"": ""Name"", ""id"": ""V_in_rms""}, ""right"": {""op"": ""Name"", ""id"": ""PF""}}}}"
F_S.1.2_INPUT_POWER_BUDGET,INPUT_POWER_BUDGET,,id-short-name,,S,S.1.2 输入功率预算,结构,P_in|P_out|P_aux|P_fan|P_loss,2.0000 1.0000 -3.0000 0.0000 0.0000 0.0000 0.0000,true,A-3|T1,,0.95,global,,,,,V6.0§S.1.2 输入功率预算,section,P_{in} = P_{out} + P_{aux} + P_{fan} + P_{loss},功率等于((功率加功率)加功率)加功率,P_in = P_out+P_aux+P_fan+P_loss,"{""op"": ""Equation"", ""relation"": ""="", ""lhs"": {""op"": ""Name"", ""id"": ""P_in""}, ""rhs"": {""op"": ""BinOp"", ""operator"": ""Add"", ""left"": {""op"": ""BinOp"", ""operator"": ""Add"", ""left"": {""op"": ""BinOp"", ""operator"": ""Add"", ""left"": {""op"": ""Name"", ""id"": ""P_out""}, ""right"": {""op"": ""Name"", ""id"": ""P_aux""}}, ""right"": {""op"": ""Name"", ""id"": ""P_fan""}}, ""right"": {""op"": ""Name"", ""id"": ""P_loss""}}}"
F_S.2.1_BOOST_PEAK_LIMIT,BOOST_PEAK_LIMIT,,id-short-name,,S,S.2.3 降额拐点计算,结构,P_out|η|V_in|I_pk_rated,2.0000 1.0000 -3.0000 0.0000 0.0000 0.0000 0.0000,true,A-14,,0.95,global,,,,,V6.0§S.2.3 降额拐点计算,section,P_{out} ≤ \frac{\eta \cdot V_{in} \cdot I_{pk_rated}}{2},功率≤((η乘以电压)乘以I_pk_rated)除以2,P_out ≤ η*V_in*I_pk_rated/2,"{""op"": ""Equation"", ""relation"": ""≤"", ""lhs"": {""op"": ""Name"", ""id"": ""P_out""}, ""rhs"": {""op"": ""BinOp"", ""operator"": ""Div"", ""left"": {""op"": ""BinOp"", ""operator"": ""Mult"", ""left"": {""op"": ""BinOp"", ""operator"": ""Mult"", ""left"": {""op"": ""Name"", ""id"": ""η""}, ""right"": {""op"": ""Name"", ""id"": ""V_in""}}, ""right"": {""op"": ""Name"", ""id"": ""I_pk_rated""}}, ""right"": {""op"": ""Constant"", ""value"": 2}}}"
F_S.2.2_DERATING_CORNER,DERATING_CORNER,,id-short-name,,S,S.2.3 降额拐点计算,结构,V_corner|P_rated|η|PF|I_in_max,2.0000 1.0000 -3.0000 -1.0000 0.0000 0.0000 0.0000,true,A-14,,0.95,global,,,,,V6.0§S.2.3 降额拐点计算,section,V_{corner} = \frac{P_{rated}}{\eta \cdot PF \cdot I_{in_max}},V_corner等于P_rated除以((η乘以PF)乘以I_in_max),V_corner = P_rated/(η*PF*I_in_max),"{""op"": ""Equation"", ""relation"": ""="", ""lhs"": {""op"": ""Name"", ""id"": ""V_corner""}, ""rhs"": {""op"": ""BinOp"", ""operator"": ""Div"", ""left"": {""op"": ""Name"", ""id"": ""P_rated""}, ""right"": {""op"": ""BinOp"", ""operator"": ""Mult"", ""left"": {""op"": ""BinOp"", ""operator"": ""Mult"", ""left"": {""op"": ""Name"", ""id"": ""η""}, ""right"": {""op"": ""Name"", ""id"": ""PF""}}, ""right"": {""op"": ""Name"", ""id"": ""I_in_max""}}}}"
F_S.4_INPUT_HARMONIC_RMS,INPUT_HARMONIC_RMS,,id-short-name,,S,S.4.2 谐波与功率因数的关系,结构,I_rms|I_1|THD_I,0.0000 0.0000 0.0000 1.0000 0.0000 0.0000 0.0000,true,T12,,0.95,global,,,,,V6.0§S.4.2 谐波与功率因数的关系,section,I_{rms} = I_{1} \cdot \sqrt{1 + THD_{I}^{2}},电流等于I_1乘以1加THD_I 的 2 次方 的平方根,I_rms = I_1*sqrt(1+THD_I**2),"{""op"": ""Equation"", ""relation"": ""="", ""lhs"": {""op"": ""Name"", ""id"": ""I_rms""}, ""rhs"": {""op"": ""BinOp"", ""operator"": ""Mult"", ""left"": {""op"": ""Name"", ""id"": ""I_1""}, ""right"": {""op"": ""Call"", ""func"": {""op"": ""Name"", ""id"": ""sqrt""}, ""args"": [{""op"": ""BinOp"", ""operator"": ""Add"", ""left"": {""op"": ""Constant"", ""value"": 1}, ""right"": {""op"": ""BinOp"", ""operator"": ""Pow"", ""left"": {""op"": ""Name"", ""id"": ""THD_I""}, ""right"": {""op"": ""Constant"", ""value"": 2}}}]}}}"
F_T.5.1_PARAM_EXTRACTION,PARAM_EXTRACTION,,id-short-name,,T,T.5.3 DCM 的特殊处理,测试,C|R_C|ω_z_esr,-2.0000 -1.0000 4.0000 2.0000 0.0000 0.0000 0.0000,true,T20,,0.95,global,,,,,V6.0§T.5.3 DCM 的特殊处理,section,C = \frac{1}{R_{C} \cdot \omega_{z_esr}},C等于1除以(R_C乘以ω_z_esr),C = 1/(R_C*ω_z_esr),"{""op"": ""Equation"", ""relation"": ""="", ""lhs"": {""op"": ""Name"", ""id"": ""C""}, ""rhs"": {""op"": ""BinOp"", ""operator"": ""Div"", ""left"": {""op"": ""Constant"", ""value"": 1}, ""right"": {""op"": ""BinOp"", ""operator"": ""Mult"", ""left"": {""op"": ""Name"", ""id"": ""R_C""}, ""right"": {""op"": ""Name"", ""id"": ""ω_z_esr""}}}}"
F_E.1_OHM_LAW,欧姆定律,欧姆定律,declared,,E,U.2.1 附录E：基础电路原理,电气,V|I|R,2.0000 1.0000 -3.0000 -1.0000 0.0000 0.0000 0.0000,true,A-1|A-2,,0.95,global,R5,G.26,,E-1,V6.0§U.2.1 附录E：基础电路原理,section,V = I \cdot R,V等于I乘以R,V = I*R,"{""op"": ""Equation"", ""relation"": ""="", ""lhs"": {""op"": ""Name"", ""id"": ""V""}, ""rhs"": {""op"": ""BinOp"", ""operator"": ""Mult"", ""left"": {""op"": ""Name"", ""id"": ""I""}, ""right"": {""op"": ""Name"", ""id"": ""R""}}}"
F_E.29_WATCHDOG,看门狗,看门狗,declared,,E,U.2.1 附录E：基础电路原理,电气,t_wdt|t_safe,0.0000 0.0000 1.0000 0.0000 0.0000 0.0000 0.0000,true,A-14,,0.95,global,,,,,V6.0§U.2.1 附录E：基础电路原理,section,t_{wdt} < t_{safe},看门狗/安全时间/超时/心跳小于看门狗/安全时间/超时/心跳,t_wdt < t_safe,"{""op"": ""Equation"", ""relation"": ""<"", ""lhs"": {""op"": ""Name"", ""id"": ""t_wdt""}, ""rhs"": {""op"": ""Name"", ""id"": ""t_safe""}}"
F_E.30_TRIP_TIME,保护动作时间,保护动作时间,declared,,E,U.2.1 附录E：基础电路原理,电气,t_trip|t_damage|t_margin,0.0000 0.0000 1.0000 0.0000 0.0000 0.0000 0.0000,true,A-16,,0.95,global,,,,,V6.0§U.2.1 附录E：基础电路原理,section,t_{trip} ≤ t_{damage} - t_{margin},t_trip≤t_damage减t_margin,t_trip ≤ t_damage-t_margin,"{""op"": ""Equation"", ""relation"": ""≤"", ""lhs"": {""op"": ""Name"", ""id"": ""t_trip""}, ""rhs"": {""op"": ""BinOp"", ""operator"": ""Sub"", ""left"": {""op"": ""Name"", ""id"": ""t_damage""}, ""right"": {""op"": ""Name"", ""id"": ""t_margin""}}}"
F_W.1.6_NODE_COUNT,独立节点数,独立节点数,declared,,W,W.1.1 节点与回路定律,整机与工艺,n_ind|n_nodes,0.0000 0.0000 0.0000 0.0000 0.0000 0.0000 0.0000,true,A-1,,0.95,global,,,,,V6.0§W.1.1 节点与回路定律,section,n_{ind} = n_{nodes} - 1,n_ind等于n_nodes减1,n_ind = n_nodes-1,"{""op"": ""Equation"", ""relation"": ""="", ""lhs"": {""op"": ""Name"", ""id"": ""n_ind""}, ""rhs"": {""op"": ""BinOp"", ""operator"": ""Sub"", ""left"": {""op"": ""Name"", ""id"": ""n_nodes""}, ""right"": {""op"": ""Constant"", ""value"": 1}}}"
F_W.1.10_NORTON,诺顿定理,诺顿定理,declared,,W,W.1.2 等效变换定理,整机与工艺,I_N|V_th|R_th,0.0000 0.0000 0.0000 1.0000 0.0000 0.0000 0.0000,true,实验定律(待复核),,0.95,global,,,,,V6.0§W.1.2 等效变换定理,section,I_{N} = \frac{V_{th}}{R_{th}},I_N等于V_th除以R_th,I_N = V_th/R_th,"{""op"": ""Equation"", ""relation"": ""="", ""lhs"": {""op"": ""Name"", ""id"": ""I_N""}, ""rhs"": {""op"": ""BinOp"", ""operator"": ""Div"", ""left"": {""op"": ""Name"", ""id"": ""V_th""}, ""right"": {""op"": ""Name"", ""id"": ""R_th""}}}"
F_W.1.15_Y_DELTA,星-三角变换,星-三角变换,declared,,W,W.1.2 等效变换定理,整机与工艺,R_Δ|R_1|R_2|R_3,2.0000 1.0000 -3.0000 -2.0000 0.0000 0.0000 0.0000,true,实验定律(待复核),,0.95,global,,,,,V6.0§W.1.2 等效变换定理,section,R_{\Delta} = R_{1} + R_{2} + R_{3} + \frac{R_{1} \cdot R_{2}}{R_{3}},R_Δ等于((R_1加R_2)加R_3)加(R_1乘以R_2)除以R_3,R_Δ = R_1+R_2+R_3+R_1*R_2/R_3,"{""op"": ""Equation"", ""relation"": ""="", ""lhs"": {""op"": ""Name"", ""id"": ""R_Δ""}, ""rhs"": {""op"": ""BinOp"", ""operator"": ""Add"", ""left"": {""op"": ""BinOp"", ""operator"": ""Add"", ""left"": {""op"": ""BinOp"", ""operator"": ""Add"", ""left"": {""op"": ""Name"", ""id"": ""R_1""}, ""right"": {""op"": ""Name"", ""id"": ""R_2""}}, ""right"": {""op"": ""Name"", ""id"": ""R_3""}}, ""right"": {""op"": ""BinOp"", ""operator"": ""Div"", ""left"": {""op"": ""BinOp"", ""operator"": ""Mult"", ""left"": {""op"": ""Name"", ""id"": ""R_1""}, ""right"": {""op"": ""Name"", ""id"": ""R_2""}}, ""right"": {""op"": ""Name"", ""id"": ""R_3""}}}}"
F_W.1.23_OHM_IMPEDANCE,电阻阻抗,电阻阻抗,declared,,W,W.1.3 阻抗与导纳,整机与工艺,Z_R|R,2.0000 1.0000 -3.0000 -2.0000 0.0000 0.0000 0.0000,true,实验定律(待复核),,0.95,global,,,,,V6.0§W.1.3 阻抗与导纳,section,Z_{R} = R,Z_R等于R,Z_R = R,"{""op"": ""Equation"", ""relation"": ""="", ""lhs"": {""op"": ""Name"", ""id"": ""Z_R""}, ""rhs"": {""op"": ""Name"", ""id"": ""R""}}"
F_W.2.1_RC_TIME_CONSTANT,RC 时间常数,RC 时间常数,declared,,W,W.2.1 一阶系统,整机与工艺,τ|R|C,0.0000 0.0000 1.0000 0.0000 0.0000 0.0000 0.0000,true,A-5,,0.95,global,,,,,V6.0§W.2.1 一阶系统,section,\tau = R \cdot C,τ等于R乘以C,τ = R*C,"{""op"": ""Equation"", ""relation"": ""="", ""lhs"": {""op"": ""Name"", ""id"": ""τ""}, ""rhs"": {""op"": ""BinOp"", ""operator"": ""Mult"", ""left"": {""op"": ""Name"", ""id"": ""R""}, ""right"": {""op"": ""Name"", ""id"": ""C""}}}"
F_W.2.4_RL_TIME_CONSTANT,RL 时间常数,RL 时间常数,declared,,W,W.2.1 一阶系统,整机与工艺,τ|L|R,0.0000 0.0000 1.0000 0.0000 0.0000 0.0000 0.0000,true,A-4,,0.95,global,,,,,V6.0§W.2.1 一阶系统,section,\tau = \frac{L}{R},τ等于L除以R,τ = L/R,"{""op"": ""Equation"", ""relation"": ""="", ""lhs"": {""op"": ""Name"", ""id"": ""τ""}, ""rhs"": {""op"": ""BinOp"", ""operator"": ""Div"", ""left"": {""op"": ""Name"", ""id"": ""L""}, ""right"": {""op"": ""Name"", ""id"": ""R""}}}"
F_W.2.12_DAMPING_RATIO,阻尼比,阻尼比,declared,,W,W.2.2 二阶系统,整机与工艺,ζ|Q,0.0000 0.0000 0.0000 0.0000 0.0000 0.0000 0.0000,true,A-5,,0.95,global,,,,,V6.0§W.2.2 二阶系统,section,\zeta = \frac{1}{2 \cdot Q},阻尼比等于1除以(2乘以品质因数),ζ = 1/(2*Q),"{""op"": ""Equation"", ""relation"": ""="", ""lhs"": {""op"": ""Name"", ""id"": ""ζ""}, ""rhs"": {""op"": ""BinOp"", ""operator"": ""Div"", ""left"": {""op"": ""Constant"", ""value"": 1}, ""right"": {""op"": ""BinOp"", ""operator"": ""Mult"", ""left"": {""op"": ""Constant"", ""value"": 2}, ""right"": {""op"": ""Name"", ""id"": ""Q""}}}}"
F_W.2.14_DAMPED_FREQ,阻尼振荡频率,阻尼振荡频率,declared,,W,W.2.2 二阶系统,整机与工艺,ω_d|ω_n|ζ,0.0000 0.0000 -1.0000 0.0000 0.0000 0.0000 0.0000,true,T20,,0.95,global,,,,,V6.0§W.2.2 二阶系统,section,\omega_{d} = \omega_{n} \cdot \sqrt{1 - \zeta^{2}},ω_d等于固有/谐振/零点/极点频率乘以1减阻尼比 的 2 次方 的平方根,ω_d = ω_n*sqrt(1-ζ**2),"{""op"": ""Equation"", ""relation"": ""="", ""lhs"": {""op"": ""Name"", ""id"": ""ω_d""}, ""rhs"": {""op"": ""BinOp"", ""operator"": ""Mult"", ""left"": {""op"": ""Name"", ""id"": ""ω_n""}, ""right"": {""op"": ""Call"", ""func"": {""op"": ""Name"", ""id"": ""sqrt""}, ""args"": [{""op"": ""BinOp"", ""operator"": ""Sub"", ""left"": {""op"": ""Constant"", ""value"": 1}, ""right"": {""op"": ""BinOp"", ""operator"": ""Pow"", ""left"": {""op"": ""Name"", ""id"": ""ζ""}, ""right"": {""op"": ""Constant"", ""value"": 2}}}]}}}"
F_W.2.16_PEAK_TIME,峰值时间,峰值时间,declared,,W,W.2.2 二阶系统,整机与工艺,t_pk|ω_n|ζ,0.0000 0.0000 1.0000 0.0000 0.0000 0.0000 0.0000,true,T23,,0.95,global,,,,,V6.0§W.2.2 二阶系统,section,t_{pk} = \frac{3.141592653589793}{\omega_{n} \cdot \sqrt{1 - \zeta^{2}}},t_pk等于3.141592653589793除以(固有/谐振/零点/极点频率乘以1减阻尼比 的 2 次方 的平方根),t_pk = 3.141592653589793/(ω_n*sqrt(1-ζ**2)),"{""op"": ""Equation"", ""relation"": ""="", ""lhs"": {""op"": ""Name"", ""id"": ""t_pk""}, ""rhs"": {""op"": ""BinOp"", ""operator"": ""Div"", ""left"": {""op"": ""Constant"", ""value"": 3.141592653589793}, ""right"": {""op"": ""BinOp"", ""operator"": ""Mult"", ""left"": {""op"": ""Name"", ""id"": ""ω_n""}, ""right"": {""op"": ""Call"", ""func"": {""op"": ""Name"", ""id"": ""sqrt""}, ""args"": [{""op"": ""BinOp"", ""operator"": ""Sub"", ""left"": {""op"": ""Constant"", ""value"": 1}, ""right"": {""op"": ""BinOp"", ""operator"": ""Pow"", ""left"": {""op"": ""Name"", ""id"": ""ζ""}, ""right"": {""op"": ""Constant"", ""value"": 2}}}]}}}}"
F_W.2.18_RISE_TIME_10_90,上升时间,上升时间,declared,,W,W.2.2 二阶系统,整机与工艺,t_r|ω_n|ζ,0.0000 0.0000 1.0000 0.0000 0.0000 0.0000 0.0000,true,T23,,0.95,global,,,,,V6.0§W.2.2 二阶系统,section,t_{r} ≈ \frac{1.8}{\omega_{n}} \cdot (\frac{1}{0.725 + 0.4 \cdot \zeta}),t_r≈(1.8除以固有/谐振/零点/极点频率)乘以(1除以(0.725加0.4乘以阻尼比)),t_r ≈ (1.8/ω_n)*(1/(0.725+0.4*ζ)),"{""op"": ""Equation"", ""relation"": ""≈"", ""lhs"": {""op"": ""Name"", ""id"": ""t_r""}, ""rhs"": {""op"": ""BinOp"", ""operator"": ""Mult"", ""left"": {""op"": ""BinOp"", ""operator"": ""Div"", ""left"": {""op"": ""Constant"", ""value"": 1.8}, ""right"": {""op"": ""Name"", ""id"": ""ω_n""}}, ""right"": {""op"": ""BinOp"", ""operator"": ""Div"", ""left"": {""op"": ""Constant"", ""value"": 1}, ""right"": {""op"": ""BinOp"", ""operator"": ""Add"", ""left"": {""op"": ""Constant"", ""value"": 0.725}, ""right"": {""op"": ""BinOp"", ""operator"": ""Mult"", ""left"": {""op"": ""Constant"", ""value"": 0.4}, ""right"": {""op"": ""Name"", ""id"": ""ζ""}}}}}}"
F_W.2.20_RESONANCE_FREQ,谐振频率,谐振频率,declared,,W,W.2.2 二阶系统,整机与工艺,ω_r|ω_n|ζ,0.0000 0.0000 -1.0000 0.0000 0.0000 0.0000 0.0000,true,T20,,0.95,global,,,,,V6.0§W.2.2 二阶系统,section,\omega_{r} = \omega_{n} \cdot \sqrt{1 - 2 \cdot \zeta^{2}},ω_r等于固有/谐振/零点/极点频率乘以1减2乘以阻尼比 的 2 次方 的平方根,ω_r = ω_n*sqrt(1-2*ζ**2),"{""op"": ""Equation"", ""relation"": ""="", ""lhs"": {""op"": ""Name"", ""id"": ""ω_r""}, ""rhs"": {""op"": ""BinOp"", ""operator"": ""Mult"", ""left"": {""op"": ""Name"", ""id"": ""ω_n""}, ""right"": {""op"": ""Call"", ""func"": {""op"": ""Name"", ""id"": ""sqrt""}, ""args"": [{""op"": ""BinOp"", ""operator"": ""Sub"", ""left"": {""op"": ""Constant"", ""value"": 1}, ""right"": {""op"": ""BinOp"", ""operator"": ""Mult"", ""left"": {""op"": ""Constant"", ""value"": 2}, ""right"": {""op"": ""BinOp"", ""operator"": ""Pow"", ""left"": {""op"": ""Name"", ""id"": ""ζ""}, ""right"": {""op"": ""Constant"", ""value"": 2}}}}]}}}"
F_W.2.22_DAMPING_CLASS,阻尼分类,阻尼分类,declared,,W,W.2.2 二阶系统,整机与工艺,ζ,0.0000 0.0000 0.0000 0.0000 0.0000 0.0000 0.0000,true,T20,,0.95,global,,,,,V6.0§W.2.2 二阶系统,section,\zeta > 1,阻尼比大于1,ζ > 1,"{""op"": ""Equation"", ""relation"": "">"", ""lhs"": {""op"": ""Name"", ""id"": ""ζ""}, ""rhs"": {""op"": ""Constant"", ""value"": 1}}"
F_W.3.30_SAMPLING_THEOREM,采样定理,采样定理,declared,,W,W.3.4 采样与重构,整机与工艺,f_s|f_max,0.0000 0.0000 -1.0000 0.0000 0.0000 0.0000 0.0000,true,A-9,,0.95,global,,,,,V6.0§W.3.4 采样与重构,section,f_{s} ≥ 2 \cdot f_{max},采样率/位数/量化步/信噪比/有效位≥2乘以f_max,f_s ≥ 2*f_max,"{""op"": ""Equation"", ""relation"": ""≥"", ""lhs"": {""op"": ""Name"", ""id"": ""f_s""}, ""rhs"": {""op"": ""BinOp"", ""operator"": ""Mult"", ""left"": {""op"": ""Constant"", ""value"": 2}, ""right"": {""op"": ""Name"", ""id"": ""f_max""}}}"
F_W.3.31_ALIASING,混叠频率,混叠频率,declared,,W,W.3.4 采样与重构,整机与工艺,f_alias|f|n|f_s,0.0000 0.0000 -1.0000 0.0000 0.0000 0.0000 0.0000,true,A-9,,0.95,global,,,,,V6.0§W.3.4 采样与重构,section,f_{alias} = \left|f - n \cdot f_{s}\right|,f_alias等于f减n乘以采样率/位数/量化步/信噪比/有效位 的绝对值,f_alias = abs(f-n*f_s),"{""op"": ""Equation"", ""relation"": ""="", ""lhs"": {""op"": ""Name"", ""id"": ""f_alias""}, ""rhs"": {""op"": ""Call"", ""func"": {""op"": ""Name"", ""id"": ""abs""}, ""args"": [{""op"": ""BinOp"", ""operator"": ""Sub"", ""left"": {""op"": ""Name"", ""id"": ""f""}, ""right"": {""op"": ""BinOp"", ""operator"": ""Mult"", ""left"": {""op"": ""Name"", ""id"": ""n""}, ""right"": {""op"": ""Name"", ""id"": ""f_s""}}}]}}"
F_W.4.18_QUARTER_WAVE,λ/4 阻抗变换,λ/4 阻抗变换,declared,,W,W.4.2 传输线,整机与工艺,Z_in|Z_0|Z_L,2.0000 1.0000 -3.0000 -2.0000 0.0000 0.0000 0.0000,true,A-13,,0.95,global,,,,,V6.0§W.4.2 传输线,section,Z_{in} = \frac{Z_{0}^{2}}{Z_{L}},输入/输出阻抗等于Z_0 的 2 次方除以Z_L,Z_in = Z_0**2/Z_L,"{""op"": ""Equation"", ""relation"": ""="", ""lhs"": {""op"": ""Name"", ""id"": ""Z_in""}, ""rhs"": {""op"": ""BinOp"", ""operator"": ""Div"", ""left"": {""op"": ""BinOp"", ""operator"": ""Pow"", ""left"": {""op"": ""Name"", ""id"": ""Z_0""}, ""right"": {""op"": ""Constant"", ""value"": 2}}, ""right"": {""op"": ""Name"", ""id"": ""Z_L""}}}"
F_W.4.19_HALF_WAVE,λ/2 阻抗变换,λ/2 阻抗变换,declared,,W,W.4.2 传输线,整机与工艺,Z_in|Z_L,2.0000 1.0000 -3.0000 -2.0000 0.0000 0.0000 0.0000,true,A-13,,0.95,global,,,,,V6.0§W.4.2 传输线,section,Z_{in} = Z_{L},输入/输出阻抗等于Z_L,Z_in = Z_L,"{""op"": ""Equation"", ""relation"": ""="", ""lhs"": {""op"": ""Name"", ""id"": ""Z_in""}, ""rhs"": {""op"": ""Name"", ""id"": ""Z_L""}}"
F_W.5.5_INV_ZIN,反相输入阻抗,反相输入阻抗,declared,,W,W.5.1 运算放大器,整机与工艺,Z_in|R_in,2.0000 1.0000 -3.0000 -2.0000 0.0000 0.0000 0.0000,true,实验定律(待复核),,0.95,global,,,,,V6.0§W.5.1 运算放大器,section,Z_{in} = R_{in},输入/输出阻抗等于输入/输出阻抗,Z_in = R_in,"{""op"": ""Equation"", ""relation"": ""="", ""lhs"": {""op"": ""Name"", ""id"": ""Z_in""}, ""rhs"": {""op"": ""Name"", ""id"": ""R_in""}}"
F_W.6.18_DYNAMIC_POWER,动态功耗,动态功耗,declared,,W,W.6.3 数字器件可靠性,整机与工艺,P_dyn|α|C_L|V_DD|f_clk,2.0000 1.0000 -3.0000 0.0000 0.0000 0.0000 0.0000,true,A-3,,0.95,global,,,,,V6.0§W.6.3 数字器件可靠性,section,P_{dyn} = \alpha \cdot C_{L} \cdot V_{DD}^{2} \cdot f_{clk},P_dyn等于((IIR 系数/滤波窗长乘以C_L)乘以V_DD 的 2 次方)乘以f_clk,P_dyn = α*C_L*V_DD**2*f_clk,"{""op"": ""Equation"", ""relation"": ""="", ""lhs"": {""op"": ""Name"", ""id"": ""P_dyn""}, ""rhs"": {""op"": ""BinOp"", ""operator"": ""Mult"", ""left"": {""op"": ""BinOp"", ""operator"": ""Mult"", ""left"": {""op"": ""BinOp"", ""operator"": ""Mult"", ""left"": {""op"": ""Name"", ""id"": ""α""}, ""right"": {""op"": ""Name"", ""id"": ""C_L""}}, ""right"": {""op"": ""BinOp"", ""operator"": ""Pow"", ""left"": {""op"": ""Name"", ""id"": ""V_DD""}, ""right"": {""op"": ""Constant"", ""value"": 2}}}, ""right"": {""op"": ""Name"", ""id"": ""f_clk""}}}"
F_W.6.19_SHORT_CIRCUIT_POWER,短路功耗,短路功耗,declared,,W,W.6.3 数字器件可靠性,整机与工艺,P_short|I_SC|V_DD,2.0000 1.0000 -3.0000 0.0000 0.0000 0.0000 0.0000,true,A-15,,0.95,global,,,,,V6.0§W.6.3 数字器件可靠性,section,P_{short} = I_{SC} \cdot V_{DD},P_short等于I_SC乘以V_DD,P_short = I_SC*V_DD,"{""op"": ""Equation"", ""relation"": ""="", ""lhs"": {""op"": ""Name"", ""id"": ""P_short""}, ""rhs"": {""op"": ""BinOp"", ""operator"": ""Mult"", ""left"": {""op"": ""Name"", ""id"": ""I_SC""}, ""right"": {""op"": ""Name"", ""id"": ""V_DD""}}}"
F_W.7.1_DIODE_IV,二极管 I-V,二极管 I-V,declared,,W,W.7.1 二极管,整机与工艺,V_F|n|V_T|I|I_S,2.0000 1.0000 -3.0000 -1.0000 0.0000 0.0000 0.0000,true,A-8,,0.95,global,,,,,V6.0§W.7.1 二极管,section,V_{F} = n \cdot V_{T} \cdot \ln(\frac{I}{I_{S}}),V_F等于(n乘以V_T)乘以I除以I_S 的自然对数,V_F = n*V_T*ln(I/I_S),"{""op"": ""Equation"", ""relation"": ""="", ""lhs"": {""op"": ""Name"", ""id"": ""V_F""}, ""rhs"": {""op"": ""BinOp"", ""operator"": ""Mult"", ""left"": {""op"": ""BinOp"", ""operator"": ""Mult"", ""left"": {""op"": ""Name"", ""id"": ""n""}, ""right"": {""op"": ""Name"", ""id"": ""V_T""}}, ""right"": {""op"": ""Call"", ""func"": {""op"": ""Name"", ""id"": ""ln""}, ""args"": [{""op"": ""BinOp"", ""operator"": ""Div"", ""left"": {""op"": ""Name"", ""id"": ""I""}, ""right"": {""op"": ""Name"", ""id"": ""I_S""}}]}}}"
F_W.7.7_DIODE_POWER,二极管损耗,二极管损耗,declared,,W,W.7.1 二极管,整机与工艺,P|V_F|I|D|f|V_R|t_rr,2.0000 1.0000 -3.0000 0.0000 0.0000 0.0000 0.0000,true,A-3,,0.95,global,,,,,V6.0§W.7.1 二极管,section,P = V_{F} \cdot I \cdot (1 - D) + \frac{f \cdot V_{R} \cdot I \cdot t_{rr}}{2},P等于(V_F乘以I)乘以(1减占空比)加(((f乘以V_R)乘以I)乘以t_rr)除以2,P = V_F*I*(1-D)+f*V_R*I*t_rr/2,"{""op"": ""Equation"", ""relation"": ""="", ""lhs"": {""op"": ""Name"", ""id"": ""P""}, ""rhs"": {""op"": ""BinOp"", ""operator"": ""Add"", ""left"": {""op"": ""BinOp"", ""operator"": ""Mult"", ""left"": {""op"": ""BinOp"", ""operator"": ""Mult"", ""left"": {""op"": ""Name"", ""id"": ""V_F""}, ""right"": {""op"": ""Name"", ""id"": ""I""}}, ""right"": {""op"": ""BinOp"", ""operator"": ""Sub"", ""left"": {""op"": ""Constant"", ""value"": 1}, ""right"": {""op"": ""Name"", ""id"": ""D""}}}, ""right"": {""op"": ""BinOp"", ""operator"": ""Div"", ""left"": {""op"": ""BinOp"", ""operator"": ""Mult"", ""left"": {""op"": ""BinOp"", ""operator"": ""Mult"", ""left"": {""op"": ""BinOp"", ""operator"": ""Mult"", ""left"": {""op"": ""Name"", ""id"": ""f""}, ""right"": {""op"": ""Name"", ""id"": ""V_R""}}, ""right"": {""op"": ""Name"", ""id"": ""I""}}, ""right"": {""op"": ""Name"", ""id"": ""t_rr""}}, ""right"": {""op"": ""Constant"", ""value"": 2}}}}"
F_W.7.11_MOSFET_COSS,输出电容,输出电容,declared,,W,W.7.2 MOSFET,整机与工艺,C_oss|C_GD|C_DS,-2.0000 -1.0000 4.0000 2.0000 0.0000 0.0000 0.0000,true,A-5,,0.95,global,,,,,V6.0§W.7.2 MOSFET,section,C_{oss} = C_{GD} + C_{DS},C_oss等于C_GD加C_DS,C_oss = C_GD+C_DS,"{""op"": ""Equation"", ""relation"": ""="", ""lhs"": {""op"": ""Name"", ""id"": ""C_oss""}, ""rhs"": {""op"": ""BinOp"", ""operator"": ""Add"", ""left"": {""op"": ""Name"", ""id"": ""C_GD""}, ""right"": {""op"": ""Name"", ""id"": ""C_DS""}}}"
F_W.7.16_CONDUCTION_LOSS,导通损耗,导通损耗,declared,,W,W.7.2 MOSFET,整机与工艺,P_cond|I_rms|R_DS_on|D,2.0000 1.0000 -3.0000 0.0000 0.0000 0.0000 0.0000,true,A-10,,0.95,global,,,,,V6.0§W.7.2 MOSFET,section,P_{cond} = I_{rms}^{2} \cdot R_{DS_on} \cdot D,P_cond等于(电流 的 2 次方乘以R_DS_on)乘以占空比,P_cond = I_rms**2*R_DS_on*D,"{""op"": ""Equation"", ""relation"": ""="", ""lhs"": {""op"": ""Name"", ""id"": ""P_cond""}, ""rhs"": {""op"": ""BinOp"", ""operator"": ""Mult"", ""left"": {""op"": ""BinOp"", ""operator"": ""Mult"", ""left"": {""op"": ""BinOp"", ""operator"": ""Pow"", ""left"": {""op"": ""Name"", ""id"": ""I_rms""}, ""right"": {""op"": ""Constant"", ""value"": 2}}, ""right"": {""op"": ""Name"", ""id"": ""R_DS_on""}}, ""right"": {""op"": ""Name"", ""id"": ""D""}}}"
F_W.8.1_TURNS_RATIO,变比,变比,declared,,W,W.8.1 变压器,整机与工艺,n|N_p|N_s,0.0000 0.0000 0.0000 0.0000 0.0000 0.0000 0.0000,true,A-6|T3,,0.95,global,,,,,V6.0§W.8.1 变压器,section,n = \frac{N_{p}}{N_{s}},n等于N_p除以N_s,n = N_p/N_s,"{""op"": ""Equation"", ""relation"": ""="", ""lhs"": {""op"": ""Name"", ""id"": ""n""}, ""rhs"": {""op"": ""BinOp"", ""operator"": ""Div"", ""left"": {""op"": ""Name"", ""id"": ""N_p""}, ""right"": {""op"": ""Name"", ""id"": ""N_s""}}}"
F_W.8.16_COPPER_LOSS,铜损,铜损,declared,,W,W.8.1 变压器,整机与工艺,P_cu|I_rms|R_dc,2.0000 1.0000 -3.0000 0.0000 0.0000 0.0000 0.0000,true,A-3,,0.95,global,,,,,V6.0§W.8.1 变压器,section,P_{cu} = I_{rms}^{2} \cdot R_{dc},P_cu等于电流 的 2 次方乘以电感直流/交流电阻,P_cu = I_rms**2*R_dc,"{""op"": ""Equation"", ""relation"": ""="", ""lhs"": {""op"": ""Name"", ""id"": ""P_cu""}, ""rhs"": {""op"": ""BinOp"", ""operator"": ""Mult"", ""left"": {""op"": ""BinOp"", ""operator"": ""Pow"", ""left"": {""op"": ""Name"", ""id"": ""I_rms""}, ""right"": {""op"": ""Constant"", ""value"": 2}}, ""right"": {""op"": ""Name"", ""id"": ""R_dc""}}}"
F_W.8.22_CORE_LOSS_TOTAL,总磁损,总磁损,declared,,W,W.8.1 变压器,整机与工艺,P_core_total|P_hyst|P_eddy|P_excess,2.0000 1.0000 -3.0000 0.0000 0.0000 0.0000 0.0000,true,实验定律(待复核),,0.95,global,,,,,V6.0§W.8.1 变压器,section,P_{core_total} = P_{hyst} + P_{eddy} + P_{excess},P_core_total等于(P_hyst加P_eddy)加P_excess,P_core_total = P_hyst+P_eddy+P_excess,"{""op"": ""Equation"", ""relation"": ""="", ""lhs"": {""op"": ""Name"", ""id"": ""P_core_total""}, ""rhs"": {""op"": ""BinOp"", ""operator"": ""Add"", ""left"": {""op"": ""BinOp"", ""operator"": ""Add"", ""left"": {""op"": ""Name"", ""id"": ""P_hyst""}, ""right"": {""op"": ""Name"", ""id"": ""P_eddy""}}, ""right"": {""op"": ""Name"", ""id"": ""P_excess""}}}"
F_W.9.6_ENOB,有效位数,有效位数,declared,,W,W.9.1 失真度量,整机与工艺,ENOB|SINAD,0.0000 0.0000 0.0000 0.0000 0.0000 0.0000 0.0000,true,A-10,,0.95,global,,,,,V6.0§W.9.1 失真度量,section,ENOB = \frac{SINAD - 1.76}{6.02},采样率/位数/量化步/信噪比/有效位等于(SINAD减1.76)除以6.02,ENOB = (SINAD-1.76)/6.02,"{""op"": ""Equation"", ""relation"": ""="", ""lhs"": {""op"": ""Name"", ""id"": ""ENOB""}, ""rhs"": {""op"": ""BinOp"", ""operator"": ""Div"", ""left"": {""op"": ""BinOp"", ""operator"": ""Sub"", ""left"": {""op"": ""Name"", ""id"": ""SINAD""}, ""right"": {""op"": ""Constant"", ""value"": 1.76}}, ""right"": {""op"": ""Constant"", ""value"": 6.02}}}"
F_W.11.8_SHUNT_MEASUREMENT,分流器测量,分流器测量,declared,,W,W.11.1 测量基本量,整机与工艺,V_shunt|I|R_shunt,2.0000 1.0000 -3.0000 -1.0000 0.0000 0.0000 0.0000,true,A-1,,0.95,global,,,,,V6.0§W.11.1 测量基本量,section,V_{shunt} = I \cdot R_{shunt},V_shunt等于I乘以R_shunt,V_shunt = I*R_shunt,"{""op"": ""Equation"", ""relation"": ""="", ""lhs"": {""op"": ""Name"", ""id"": ""V_shunt""}, ""rhs"": {""op"": ""BinOp"", ""operator"": ""Mult"", ""left"": {""op"": ""Name"", ""id"": ""I""}, ""right"": {""op"": ""Name"", ""id"": ""R_shunt""}}}"
F_W.11.9_KELVIN,四线（开尔文）测量,四线（开尔文）测量,declared,,W,W.11.1 测量基本量,整机与工艺,V_meas|V_device,2.0000 1.0000 -3.0000 -1.0000 0.0000 0.0000 0.0000,true,A-6,,0.95,global,,,,,V6.0§W.11.1 测量基本量,section,V_{meas} = V_{device},V_meas等于V_device,V_meas = V_device,"{""op"": ""Equation"", ""relation"": ""="", ""lhs"": {""op"": ""Name"", ""id"": ""V_meas""}, ""rhs"": {""op"": ""Name"", ""id"": ""V_device""}}"
F_W.11.11_LOADING_ERROR,负载效应,负载效应,declared,,W,W.11.1 测量基本量,整机与工艺,ΔV|V|R_source|R_in,0.0000 0.0000 0.0000 0.0000 0.0000 0.0000 0.0000,true,实验定律(待复核),,0.95,global,,,,,V6.0§W.11.1 测量基本量,section,\frac{\Delta V}{V} = \frac{R_{source}}{R_{in} + R_{source}},ΔV除以V等于R_source除以(输入/输出阻抗加R_source),ΔV/V = R_source/(R_in+R_source),"{""op"": ""Equation"", ""relation"": ""="", ""lhs"": {""op"": ""BinOp"", ""operator"": ""Div"", ""left"": {""op"": ""Name"", ""id"": ""ΔV""}, ""right"": {""op"": ""Name"", ""id"": ""V""}}, ""rhs"": {""op"": ""BinOp"", ""operator"": ""Div"", ""left"": {""op"": ""Name"", ""id"": ""R_source""}, ""right"": {""op"": ""BinOp"", ""operator"": ""Add"", ""left"": {""op"": ""Name"", ""id"": ""R_in""}, ""right"": {""op"": ""Name"", ""id"": ""R_source""}}}}"
F_W.11.15_BURDEN_VOLTAGE,电流探头burden,电流探头burden,declared,,W,W.11.1 测量基本量,整机与工艺,V_burden|I|R_shunt,2.0000 1.0000 -3.0000 -1.0000 0.0000 0.0000 0.0000,true,A-1,,0.95,global,,,,,V6.0§W.11.1 测量基本量,section,V_{burden} = I \cdot R_{shunt},V_burden等于I乘以R_shunt,V_burden = I*R_shunt,"{""op"": ""Equation"", ""relation"": ""="", ""lhs"": {""op"": ""Name"", ""id"": ""V_burden""}, ""rhs"": {""op"": ""BinOp"", ""operator"": ""Mult"", ""left"": {""op"": ""Name"", ""id"": ""I""}, ""right"": {""op"": ""Name"", ""id"": ""R_shunt""}}}"
