standard_id,version,title,scope,domain,bindings,formula_refs,citation_status,has_number
IEC 60664-1,2020,低压系统内设备的绝缘配合 第1部分：原理、规则和计划,电气间隙、爬电距离、污染等级、材料组,V.1 安全规范（安规）; V.9 中文优先标准对照表（国标优先时使用）,R10|G.12|E.9,,UNVERIFIED,true
IEC 60664-2-1,,采用基础绝缘的间隔,间隔计算,V.1 安全规范（安规）,G.12,,UNVERIFIED,true
IEC 62368-1,2018,音视频/信息通信技术设备安全 第1部分：一般要求,电源产品主安规标准、爬电距离表 17、接触电流,V.1 安全规范（安规）; V.9 中文优先标准对照表（国标优先时使用）,R10|G.12|F.9,,UNVERIFIED,true
IEC 60601-1,2005+A1:2012,医用电气设备 第1部分：基本安全与基本性能,医疗类电源（漏电流限值更严）,V.1 安全规范（安规）; V.9 中文优先标准对照表（国标优先时使用）,G.12,,UNVERIFIED,true
GB 4943.1-2011,,音视频/信息技术设备安全 第1部分,中国对应 IEC 62368-1,V.1 安全规范（安规）,G.12,,UNVERIFIED,true
GB 9706.1-2020,,医用电气设备基本安全,中国对应 IEC 60601-1,V.1 安全规范（安规）,G.12,,UNVERIFIED,true
UL 62368-1,2013,UL 音视频/ICT 安全标准,北美认证,V.1 安全规范（安规）,G.12,,UNVERIFIED,true
UL 60950-1,,（旧版，已被 62368-1 取代）,历史产品,V.1 安全规范（安规）,,,UNVERIFIED,true
GB 9706.1 / GB/T 16935,,绝缘配合相关,间隙/爬电,V.1 安全规范（安规）,E.9,,UNVERIFIED,true
IEC 60529,1989+A2:2013,外壳防护等级（IP Code）,IP 等级定义,V.1 安全规范（安规）; V.5 功率半导体与磁性元件; V.9 中文优先标准对照表（国标优先时使用）,G.25,,UNVERIFIED,true
IEC 61140,,防触电保护和接地,接地连续性,V.1 安全规范（安规）,G.12,,UNVERIFIED,true
NEC 70.2420 / EOL 电阻,,（美国 National Electrical Code）火灾报警线监督,YX 线监督,V.1 安全规范（安规）,G.32,F_M.2.8,UNVERIFIED,true
IEC 61558,,变压器安全（安全隔离变压器）,隔离变压器（电源）,V.1 安全规范（安规）,G.12,,UNVERIFIED,true
UL 94,,塑料材料阻燃等级（V-0/V-1）,三防/灌封阻燃,V.1 安全规范（安规）,G.25,,UNVERIFIED,true
IEC 60068-2-27,2008,环境试验：冲击,机械冲击,V.1 安全规范（安规）; V.7 环境与试验,G.13|G.24,,UNVERIFIED,true
IEC 60068-2-6,2007,环境试验：振动,振动,V.1 安全规范（安规）; V.7 环境与试验,G.13|G.24,,UNVERIFIED,true
IEC 60068-2-14,2009,环境试验：温度变化（温度循环）,温度循环,V.1 安全规范（安规）; V.7 环境与试验,G.13|G.24,F_N.4.7,UNVERIFIED,true
CISPR 22,2008,信息技术设备骚扰特性限值与测量方法,传导/辐射发射（ITE）,V.2 电磁兼容（EMC）,G.11,F_P.4,UNVERIFIED,true
CISPR 32,2015,多媒体设备 EMC 特性,发射限值（替代 CISPR 22）,V.2 电磁兼容（EMC）,G.11,,UNVERIFIED,true
CISPR 35,2017,多媒体设备抗扰度,抗扰度要求,V.2 电磁兼容（EMC）,G.11,,UNVERIFIED,true
CISPR 16-1-2,,耦合/测量设备：传导骚扰测量,LISN、接收机,V.2 电磁兼容（EMC）,G.11,F_P.2.1,UNVERIFIED,true
CISPR 24,,设备抗扰度,通用抗扰,V.2 电磁兼容（EMC）,G.11,,UNVERIFIED,true
IEC 61000-4-2,2008,静电放电抗扰度,ESD（接触/空气）,V.2 电磁兼容（EMC）; V.9 中文优先标准对照表（国标优先时使用）,R12|G.11,F_P.5.1,UNVERIFIED,true
GB/T 17626.2-2018,2018,电磁兼容 试验和测量技术 静电放电抗扰度,中国对应 IEC 61000-4-2,V.2 电磁兼容（EMC）,G.11,,UNVERIFIED,true
IEC 61000-4-3,2020,辐射 RF 场抗扰度,RS,V.2 电磁兼容（EMC）; V.9 中文优先标准对照表（国标优先时使用）,G.11,,UNVERIFIED,true
GB/T 17626.3-2021,,辐射射频电磁场抗扰度,同上,V.2 电磁兼容（EMC）,G.11,,UNVERIFIED,true
IEC 61000-4-4,2012,电快速瞬变脉冲群（EFT/B）,EFT,V.2 电磁兼容（EMC）; V.9 中文优先标准对照表（国标优先时使用）,G.11,,UNVERIFIED,true
GB/T 17626.4-2018,2018,电快速瞬变脉冲群抗扰度,同上,V.2 电磁兼容（EMC）,G.11,,UNVERIFIED,true
IEC 61000-4-5,2014,浪涌（冲击）抗扰度,Surge,V.2 电磁兼容（EMC）; V.9 中文优先标准对照表（国标优先时使用）,G.11,,UNVERIFIED,true
GB/T 17626.5-2019,2019,浪涌抗扰度,同上,V.2 电磁兼容（EMC）,G.11,,UNVERIFIED,true
IEC 61000-4-6,2013,传导 RF 抗扰度,CS,V.2 电磁兼容（EMC）; V.9 中文优先标准对照表（国标优先时使用）,G.11,,UNVERIFIED,true
GB/T 17626.6-2015,2015,传导射频电磁场感应场抗扰度,同上,V.2 电磁兼容（EMC）,G.11,,UNVERIFIED,true
IEC 61000-4-8,2009,工频磁场抗扰度,PFMF,V.2 电磁兼容（EMC）; V.9 中文优先标准对照表（国标优先时使用）,G.11,,UNVERIFIED,true
GB/T 17626.8-2012,2012,工频磁场抗扰度,同上,V.2 电磁兼容（EMC）,G.11,,UNVERIFIED,true
IEC 61000-4-11,2020,交流电压暂降与短时中断抗扰度,DIP,V.2 电磁兼容（EMC）; V.9 中文优先标准对照表（国标优先时使用）,G.7|G.11,F_S.3.1,UNVERIFIED,true
GB/T 17626.11-2018,2018,交流电压暂降和短时中断抗扰度,同上,V.2 电磁兼容（EMC）,G.11,,UNVERIFIED,true
IEC 61000-4-18,2010,振荡波（100 kHz）抗扰度,Surge(100k),V.2 电磁兼容（EMC）,G.11,,UNVERIFIED,true
IEC 61000-3-2,2018,谐波电流发射限值（≤75 A）,PF/THD 限值,V.2 电磁兼容（EMC）; V.9 中文优先标准对照表（国标优先时使用）,G.5,F_J.10.3,UNVERIFIED,true
GB/T 9254.1-2021,,信息技术设备谐波电流发射限值,中国对应 IEC 61000-3-2,V.2 电磁兼容（EMC）,G.5,,UNVERIFIED,true
IEC 61000-3-12,2011,谐波电流发射限值（>75 A & ≤600 A）,大功率,V.2 电磁兼容（EMC）,G.5,,UNVERIFIED,true
IEC 61000-4-30,2015,电能质量测量方法,A/B 类 MPE,V.2 电磁兼容（EMC）; V.8 测量与计量,G.34,,UNVERIFIED,true
IEC 61000-4-15,,闪烁（Flicker）,输入闪烁,V.2 电磁兼容（EMC）,G.5,,UNVERIFIED,true
IEC 61000-4-38,,谐波与闪烁（多设备）,—,V.2 电磁兼容（EMC）,G.5,,UNVERIFIED,true
IEEE C37.238,2017,电力系统时间同步（PTP 电力轮廓）,PTP ≤1 μs,V.2 电磁兼容（EMC）,G.33,F_M.2.6,UNVERIFIED,true
IEEE C37.118.1,2011,同步相量测量,PMU,V.2 电磁兼容（EMC）,G.33,,UNVERIFIED,true
IEC 60255-1,2018,继电保护设备 第1部分：通用要求,保护装置通用,V.3 继电保护与电力系统,G.39,,UNVERIFIED,true
IEC 60255-3,1989,过电流保护设备 反时限特性,反时限曲线 `t = K·TSM/((I/I_p)ⁿ−1),V.3 继电保护与电力系统,G.39,F_L.2.5,UNVERIFIED,true
ANSI/IEEE C37.112,1996,反时限过电流继电器特性,IEC 60255-3 前身,V.3 继电保护与电力系统,,F_L.2.5,UNVERIFIED,true
IEC 60255-5,1994,差动保护设备,比率制动,V.3 继电保护与电力系统,,F_L.7.2,UNVERIFIED,true
IEC 60255-11,2015,方向过流保护,方向判据,V.3 继电保护与电力系统,,F_L.3,UNVERIFIED,true
IEC 61869-2,2018,电流互感器（CT）,复合误差（10% 误差原则）,V.3 继电保护与电力系统,G.39,F_L.3.5,UNVERIFIED,true
IEC 61869-3,2010,电压互感器（VT）,VT 误差,V.3 继电保护与电力系统,G.39,,UNVERIFIED,true
IEC 61869-5 / -6,,电流/电压传感器（低功耗）,—,V.3 继电保护与电力系统,G.39,,UNVERIFIED,true
IEC 61850,2013+,变电站自动化通信网络,通信架构,V.3 继电保护与电力系统,G.14,,UNVERIFIED,true
IEC 61850-7-4,2010,兼容的逻辑节点类与数据对象,点表建模（信息模型）,V.3 继电保护与电力系统,G.14,,UNVERIFIED,true
IEC 61850-8-1,2011,GOOSE（面向通用事件的对象）,快速事件通信,V.3 继电保护与电力系统; V.6 通信协议与数字接口,G.31|G.14,,UNVERIFIED,true
IEC 61850-9-2,2011+A1:2020,采样值（SV）,同步采样（80/4000 samples per cycle）,V.3 继电保护与电力系统,G.34,F_M.1.17,UNVERIFIED,true
IEC 62443-3-3,2013,工业自动化与控制系统 安全（系统要求）,通信安全,V.3 继电保护与电力系统,G.14,,UNVERIFIED,true
IEC 62443-4-2,2019,安全组件技术要求,设备安全,V.3 继电保护与电力系统,G.14,,UNVERIFIED,true
IEC 61588,2016,测量、控制和实验室用时间同步协议（PTP）,PTP 精度等级,V.3 继电保护与电力系统,G.33,F_M.2.6,UNVERIFIED,true
IEC 62351,2018,电力系统管理相关的信息安全,通信安全,V.3 继电保护与电力系统,G.14,,UNVERIFIED,true
IEC 60898-1/2,,断路器（MCB）,断路器额定,V.3 继电保护与电力系统,G.40,F_L.8.3,UNVERIFIED,true
IEC 60947-2,,低压开关设备和控制设备 断路器,塑壳断路器 MCCB,V.3 继电保护与电力系统,,F_L.8.3,UNVERIFIED,true
IEC 60269,,低压熔断器,熔断器特性、I²t,V.3 继电保护与电力系统,G.40,F_L.8.1|F_L.8.2,UNVERIFIED,true
IEC 60947-4-1,,接触器与启动器,接触器,V.3 继电保护与电力系统,G.31,,UNVERIFIED,true
IEC 62443-5-1,,（见 IEC 62443-3-3）,—,V.3 继电保护与电力系统,,,UNVERIFIED,true
IEC 61812-1,,时间继电器（定时限）,延时器,V.3 继电保护与电力系统,,F_L.3.2,UNVERIFIED,true
DL/T 587,,（中国电力行业标准）微机继电保护装置运行管理规程,定值管理,V.3 继电保护与电力系统,G.39,F_L.6,UNVERIFIED,true
DL/T 624,,（中国）继电保护微机型试验装置,整定值检验,V.3 继电保护与电力系统,G.39,,UNVERIFIED,true
DL/T 860,,（中国）变电站通信框架和协议（IEC 61850 对应）,通信,V.3 继电保护与电力系统,G.14,,UNVERIFIED,true
IEC 61508-1,2010,功能安全 第1部分：框架、定义与要求,SIL 等级、风险图,V.4 功能安全,,F_L.5.2,UNVERIFIED,true
IEC 61508-2,2010,第2部分：E/E/PE 安全相关系统的要求,硬件、架构、DC、诊断措施,V.4 功能安全,,F_L.5,UNVERIFIED,true
IEC 61508-3,2010,第3部分：软件要求,软件安全生命周期,V.4 功能安全,,,UNVERIFIED,true
IEC 61508-4,2010,术语和定义,—,V.4 功能安全,,,UNVERIFIED,true
IEC 61508-5,2010,SIL 测定方法示例,风险图、HAZOP、FMEA,V.4 功能安全,,F_L.5|F_N.7,UNVERIFIED,true
IEC 61508-6,2010,第6部分：应用指南（**PFD/PFH 计算与 DC**）,计算方法,V.4 功能安全,,F_L.5.4,UNVERIFIED,true
IEC 61508-7,2010,技术与措施概述,—,V.4 功能安全,,F_L.5.7,UNVERIFIED,true
IEC 61511,2016,过程工业领域 SIS 的功能安全,流程工业,V.4 功能安全,,F_L.5,UNVERIFIED,true
ISO 13849-1,2023,安全相关控制系统安全部件,PL a~e、Cat.B~4、MTTFd、DC、CCF,V.4 功能安全,,F_L.5,UNVERIFIED,true
IEC 62061,2021,机械安全 机械电气/电子/可编程系统,SIL 1~3,V.4 功能安全,,F_L.5,UNVERIFIED,true
IEC 62443-4-1,2018,安全生命周期,生命周期,V.4 功能安全,,,UNVERIFIED,true
EN 50156,2016,锅炉与压力容器安全 PLC,—,V.4 功能安全,,,UNVERIFIED,true
ISO 12100,2010,机械安全 风险评估与减小,风险评估,V.4 功能安全,,F_N.7,UNVERIFIED,true
IEC 61010-1,2017,测量、控制和实验室用电气设备安全要求,实验室电源,V.4 功能安全,G.12,,UNVERIFIED,true
JEDEC **JESD22-A104,,温度循环 TC,焊点疲劳,V.5 功率半导体与磁性元件,G.13,F_N.4.7,UNVERIFIED,true
JEDEC **JESD22-A101,,稳态热阻测定,R_θjc,V.5 功率半导体与磁性元件,,F_N.1.2,UNVERIFIED,true
JEDEC JESD22-A108,,湿热,—,V.5 功率半导体与磁性元件,G.13,,UNVERIFIED,true
JEDEC JESD22-A107,,温度循环（替代/补充）,—,V.5 功率半导体与磁性元件,G.13,,UNVERIFIED,true
JEDEC **JESD3,,功率器件 SOA 测试方法,SOA,V.5 功率半导体与磁性元件,G.30,F_L.4.2,UNVERIFIED,true
JEDEC JESD24,,失效分析,FMEDA 支撑,V.5 功率半导体与磁性元件,,F_N.7,UNVERIFIED,true
JEDEC JESD47,,集成电路可靠性试验,—,V.5 功率半导体与磁性元件,,,UNVERIFIED,true
MIL-STD-883,,微电子器件试验方法,筛选/验收,V.5 功率半导体与磁性元件,,,UNVERIFIED,true
AEC-Q101,,汽车级器件资格鉴定,车规（若适用）,V.5 功率半导体与磁性元件,,,UNVERIFIED,true
IPC-2221,,通用电子元器件织装设计标准,降额准则,V.5 功率半导体与磁性元件,,F_N.3,UNVERIFIED,true
IEC 60077,,电阻器/电容器降额（铁路应用）,降额,V.5 功率半导体与磁性元件,,,UNVERIFIED,true
IEC 62340,,电子设备环境条件,降额,V.5 功率半导体与磁性元件,,,UNVERIFIED,true
MIL-HDBK-217F,1991,可靠性预测：电子设备,七因子失效率模型,V.5 功率半导体与磁性元件,,F_N.4.4,UNVERIFIED,true
Telcordia SR-332**（Issue 2）,2006,电信设备可靠性预测程序,过程等级因子,V.5 功率半导体与磁性元件,,F_N.4.2,UNVERIFIED,true
IEC 61709 / SN 29500,2010,电子组件可靠性数据手册,欧洲工业/能源,V.5 功率半导体与磁性元件,,F_N.4.2,UNVERIFIED,true
GJB/Z 299C,2003,（中国国军标）电子设备可靠性预计,中国军品,V.5 功率半导体与磁性元件,,F_N.4.2,UNVERIFIED,true
IEC 62380,2004,（旧）可靠性数据与 RFD 2000,旧版,V.5 功率半导体与磁性元件,,,UNVERIFIED,true
PMBus Specification Part I,1.3.1 (2015),一般要求、传输与电气接口,物理/电气层,V.6 通信协议与数字接口,G.14|F.15,,UNVERIFIED,false
PMBus Specification Part II,1.3.1 (2015),命令语言,命令码表、线性/直接格式、PEC,V.6 通信协议与数字接口,F.15|G.14,,UNVERIFIED,false
PMBus AVSBus Part III,1.4/2.0,自适应电压缩放总线,动态电压调节,V.6 通信协议与数字接口,,,UNVERIFIED,false
SMBus Specification,3.3.1,系统管理总线,时钟拉伸、时序,V.6 通信协议与数字接口,G.14,F_M.3,UNVERIFIED,false
I2C (NXP UM10204),Rev 6.0,I2C 总线规范与用户手册,电气、时序、总线电容,V.6 通信协议与数字接口,G.14,F_M.3,UNVERIFIED,true
CAN (ISO 11898),,控制器局域网,位定时、仲裁,V.6 通信协议与数字接口,G.14,,UNVERIFIED,true
CAN FD,,CAN 灵活数据速率,BRS,V.6 通信协议与数字接口,G.14,,UNVERIFIED,false
Modbus Application Protocol,V1.1b3,Modbus 应用协议,功能码、异常码,V.6 通信协议与数字接口,G.14,,UNVERIFIED,false
SNMP (RFC 3410/3411/3418),,简单网络管理协议,MIB 定义,V.6 通信协议与数字接口,G.14,,UNVERIFIED,true
IEEE 802.3,,以太网,物理层,V.6 通信协议与数字接口,G.14,,UNVERIFIED,true
IEEE 1588,2019,网络测量与控制系统精密时钟同步协议（PTP）,PTP 精度,V.6 通信协议与数字接口,G.33,F_M.2.6,UNVERIFIED,true
IRIG Standard B,,时码（1200/2400/4800 Hz AM）,IRIG-B ≤1 μs,V.6 通信协议与数字接口,G.33,,UNVERIFIED,false
OPC UA,,跨平台通信架构,工业互操作,V.6 通信协议与数字接口,G.14,,UNVERIFIED,false
命令,码,类别,用途,V.6 通信协议与数字接口,,,UNVERIFIED,false
PAGE,0x00,必需,选择页,V.6 通信协议与数字接口,,,UNVERIFIED,false
CONTROL,0x01,必需,开/关/软停,V.6 通信协议与数字接口,,,UNVERIFIED,false
OPERATION,0x02,必需,立即开关,V.6 通信协议与数字接口,,,UNVERIFIED,false
CLEAR_FAULTS,0x03,必需,清故障,V.6 通信协议与数字接口,,,UNVERIFIED,false
STORE_DEFAULT_ALL,0xFA,必需,存默认,V.6 通信协议与数字接口,,,UNVERIFIED,false
RESTORE_DEFAULT_ALL,0xFB,必需,恢复默认,V.6 通信协议与数字接口,,,UNVERIFIED,false
STORE_USER_ALL,0xFE,必需,存用户,V.6 通信协议与数字接口,,,UNVERIFIED,false
CAPABILITY,0x99,必需,能力查询,V.6 通信协议与数字接口,,,UNVERIFIED,false
VOUT_MODE,0x9B,必需,数据格式,V.6 通信协议与数字接口,,,UNVERIFIED,false
READ_VOUT,0x8B,必需,读输出电压,V.6 通信协议与数字接口,,,UNVERIFIED,false
READ_IOUT,0x8C,必需,读输出电流,V.6 通信协议与数字接口,,,UNVERIFIED,false
READ_TEMPERATURE_1,0x8D,必需,读温度 1,V.6 通信协议与数字接口,,,UNVERIFIED,true
READ_TEMPERATURE_2,0x8E,必需,读温度 2,V.6 通信协议与数字接口,,,UNVERIFIED,true
READ_FAN_SPEED_1,0x90,必需,读风扇 1,V.6 通信协议与数字接口,,,UNVERIFIED,true
READ_POUT,0x96,必需,读输出功率,V.6 通信协议与数字接口,,,UNVERIFIED,false
READ_PIN,0x97,必需,读输入功率,V.6 通信协议与数字接口,,,UNVERIFIED,false
READ_VIN,0x88,必需,读输入电压,V.6 通信协议与数字接口,,,UNVERIFIED,false
READ_TOTAL_POWER,0x98,必需,读总功率,V.6 通信协议与数字接口,,,UNVERIFIED,false
READ_OT_FAULT,0x5C,必需,读过温故障标志,V.6 通信协议与数字接口,,,UNVERIFIED,false
OT_FAULT_LIMIT,0x51,必需,OTP 定值,V.6 通信协议与数字接口,,,UNVERIFIED,false
OT_FAULT_DELAY,0x57,必需,OTP 延时,V.6 通信协议与数字接口,,,UNVERIFIED,false
OT_FAULT_LIMIT_HYST,0x58,必需,OTP 回差,V.6 通信协议与数字接口,,,UNVERIFIED,false
VOUT_OV_FAULT_LIMIT,0x66,必需,OVP 定值,V.6 通信协议与数字接口,,,UNVERIFIED,false
VOUT_OV_FAULT_DELAY,0x6A,必需,OVP 延时,V.6 通信协议与数字接口,,,UNVERIFIED,false
IOUT_OC_FAULT_LIMIT,0x59,必需,OCP 定值,V.6 通信协议与数字接口,,,UNVERIFIED,false
IOUT_OC_FAULT_DELAY,0x5F,必需,OCP 延时,V.6 通信协议与数字接口,,,UNVERIFIED,false
IOUT_OC_UV_FAULT_LIMIT,0xBC,必需,低压限流时的关断阈值,V.6 通信协议与数字接口,,,UNVERIFIED,false
IN_OV_FAULT_LIMIT,0x55,必需,输入过压定值,V.6 通信协议与数字接口,,,UNVERIFIED,false
IN_UV_FAULT_LIMIT,0x56,必需,输入欠压定值,V.6 通信协议与数字接口,,,UNVERIFIED,false
POWER_GOOD_DELAY,0x94,可选,PG 延时,V.6 通信协议与数字接口,,,UNVERIFIED,false
TON_RISE,0x82,必需,上升时间设定,V.6 通信协议与数字接口,,,UNVERIFIED,false
TOFF_FALL,0x83,必需,下降时间设定,V.6 通信协议与数字接口,,,UNVERIFIED,false
CLOAD,0xB0,可选,容性负载能力,V.6 通信协议与数字接口,,,UNVERIFIED,false
FREQUENCY_SWITCH,0xB1,可选,开关频率设定,V.6 通信协议与数字接口,,,UNVERIFIED,false
VOUT_MARGIN_HIGH,0xCC,必需,遥调上限（裕量）,V.6 通信协议与数字接口,,,UNVERIFIED,false
VOUT_MARGIN_LOW,0xCD,必需,遥调下限（裕量）,V.6 通信协议与数字接口,,,UNVERIFIED,false
VOUT_COMMAND,0x21,必需,遥调输出电压,V.6 通信协议与数字接口,,,UNVERIFIED,false
MFR_SPECIFIC_00..45,0xD0–0xFD,可选,厂家专用命令,V.6 通信协议与数字接口,,,UNVERIFIED,true
GB/T 2423（系列）,,环境试验（对应 IEC 60068）,G.13、G.24,V.7 环境与试验,,,UNVERIFIED,true
IEC 60068-2-1,,冷（低温工作）,G.13,V.7 环境与试验,,,UNVERIFIED,true
IEC 60068-2-2,,干热（高温工作）,G.13,V.7 环境与试验,,,UNVERIFIED,true
IEC 60068-2-30,,循环湿热,G.13,V.7 环境与试验,,,UNVERIFIED,true
IEC 60068-2-78,,恒定湿热,G.13,V.7 环境与试验,,,UNVERIFIED,true
IEC 60068-2-11,,盐雾,G.13、G.25,V.7 环境与试验,,,UNVERIFIED,true
IEC 60068-2-64,,随机振动,G.13,V.7 环境与试验,,,UNVERIFIED,true
IEC 60068-2-52,,循环盐雾,G.25,V.7 环境与试验,,,UNVERIFIED,true
IEC 60721-3-1/3-2,,环境条件分类（气候/生物）,G.24,V.7 环境与试验,,,UNVERIFIED,true
IEC 60068-2-82,,霉菌,G.25（三防验证）,V.7 环境与试验,,,UNVERIFIED,true
MIL-STD-810,,环境工程试验方法,G.13、G.24,V.7 环境与试验,,,UNVERIFIED,true
MIL-STD-461F,2008,电磁干扰/敏感度要求（国防）,EMC（若适用）,V.7 环境与试验,,,UNVERIFIED,true
HALT**（见附录F.10）,,高加速寿命试验,可靠性（附录N.6）,V.7 环境与试验,,,UNVERIFIED,true
IEC 62506,,加速试验方法,F_N.4,V.7 环境与试验,,,UNVERIFIED,true
JCGM 100（GUM:1995）,2008（修订）,测量不确定度表示指南,F_M.1.3**、F_M.1.4,V.8 测量与计量,,,UNVERIFIED,true
ISO 5725-1/-2,1994,测量方法与结果的准确度（真值与精密度）,F_M.1.9**、F_M.1.10,V.8 测量与计量,,,UNVERIFIED,true
ISO 17025,2017,检测和校准实验室能力的通用要求,实验室资质,V.8 测量与计量,,,UNVERIFIED,true
AIAG MSA (4th ed),2010,测量系统分析（GRR）,F_M.1.11**–F_M.1.13,V.8 测量与计量,,,UNVERIFIED,true
AIAG SPC,,统计过程控制,Cpk/Ppk,V.8 测量与计量,,,UNVERIFIED,false
ISO 9001,2015,质量管理体系,体系,V.8 测量与计量,,,UNVERIFIED,true
ISO 14001,2015,环境管理体系,体系,V.8 测量与计量,,,UNVERIFIED,true
IEC 60359,,数字测量仪器（术语与性能）,精度表达,V.8 测量与计量,,,UNVERIFIED,true
IEC 60068,GB/T 2423（系列）,—,,V.9 中文优先标准对照表（国标优先时使用）,,,UNVERIFIED,true
CISPR 22/32,GB/T 9254.1 / GB 4943.1 附录,—,,V.9 中文优先标准对照表（国标优先时使用）,,,UNVERIFIED,true
